Name,Date of birth,Nationality,Team,League
Thibaut Courtois,1992-05-11,Belgium,Real Madrid,LaLiga
Andriy Lunin,1999-02-11,Ukraine,Real Madrid,LaLiga
Éder Militão,1998-01-18,Brazil,Real Madrid,LaLiga
David Alaba,1992-06-24,Austria,Real Madrid,LaLiga
Antonio Rüdiger,1993-03-03,Germany,Real Madrid,LaLiga
Nacho Fernández,1990-01-18,Spain,Real Madrid,LaLiga
Ferland Mendy,1995-06-08,France,Real Madrid,LaLiga
Fran García,1999-08-14,Spain,Real Madrid,LaLiga
Daniel Carvajal,1992-01-11,Spain,Real Madrid,LaLiga
Lucas Vázquez,1991-07-01,Spain,Real Madrid,LaLiga
Álvaro Odriozola,1995-12-14,Spain,Real Madrid,LaLiga
Aurélien Tchouaméni,2000-01-27,France,Real Madrid,LaLiga
Jude Bellingham,2003-06-29,England,Real Madrid,LaLiga
Federico Valverde,1998-07-22,Uruguay,Real Madrid,LaLiga
Eduardo Camavinga,2002-11-10,France,Real Madrid,LaLiga
Toni Kroos,1990-01-04,Germany,Real Madrid,LaLiga
Dani Ceballos,1996-08-07,Spain,Real Madrid,LaLiga
Luka Modric,1985-09-09,Croatia,Real Madrid,LaLiga
Brahim Díaz,1999-08-03,Spain,Real Madrid,LaLiga
Arda Güler,2005-02-25,Turkey,Real Madrid,LaLiga
Reinier,2002-01-19,Brazil,Real Madrid,LaLiga
Vinicius Junior,2000-07-12,Brazil,Real Madrid,LaLiga
Rodrygo,2001-01-09,Brazil,Real Madrid,LaLiga
Joselu,1990-03-27,Spain,Real Madrid,LaLiga
Marc-André ter Stegen,1992-04-30,Germany,FC Barcelona,LaLiga
Iñaki Peña,1999-03-02,Spain,FC Barcelona,LaLiga
Ronald Araújo,1999-03-07,Uruguay,FC Barcelona,LaLiga
Jules Koundé,1998-11-12,France,FC Barcelona,LaLiga
Andreas Christensen,1996-04-10,Denmark,FC Barcelona,LaLiga
Iñigo Martínez,1991-05-17,Spain,FC Barcelona,LaLiga
Clément Lenglet,1995-06-17,France,FC Barcelona,LaLiga
Eric García,2001-01-09,Spain,FC Barcelona,LaLiga
Alejandro Balde,2003-10-18,Spain,FC Barcelona,LaLiga
Marcos Alonso,1990-12-28,Spain,FC Barcelona,LaLiga
Sergiño Dest,2000-11-03,United States,FC Barcelona,LaLiga
Sergi Roberto,1992-02-07,Spain,FC Barcelona,LaLiga
Oriol Romeu,1991-09-24,Spain,FC Barcelona,LaLiga
Pedri,2002-11-25,Spain,FC Barcelona,LaLiga
Gavi,2004-08-05,Spain,FC Barcelona,LaLiga
Frenkie de Jong,1997-05-12,Netherlands,FC Barcelona,LaLiga
Franck Kessié,1996-12-19,Cote d'Ivoire,FC Barcelona,LaLiga
Ilkay Gündogan,1990-10-24,Germany,FC Barcelona,LaLiga
Ansu Fati,2002-10-31,Spain,FC Barcelona,LaLiga
Abde Ezzalzouli,2001-12-17,Morocco,FC Barcelona,LaLiga
Ousmane Dembélé,1997-05-15,France,FC Barcelona,LaLiga
Raphinha,1996-12-14,Brazil,FC Barcelona,LaLiga
Ferran Torres,2000-02-29,Spain,FC Barcelona,LaLiga
Robert Lewandowski,1988-08-21,Poland,FC Barcelona,LaLiga
Jan Oblak,1993-01-07,Slovenia,Atlético de Madrid,LaLiga
Ivo Grbic,1996-01-18,Croatia,Atlético de Madrid,LaLiga
José María Giménez,1995-01-20,Uruguay,Atlético de Madrid,LaLiga
Mario Hermoso,1995-06-18,Spain,Atlético de Madrid,LaLiga
Caglar Söyüncü,1996-05-23,Turkey,Atlético de Madrid,LaLiga
Stefan Savic,1991-01-08,Montenegro,Atlético de Madrid,LaLiga
Santiago Mouriño,2002-02-13,Uruguay,Atlético de Madrid,LaLiga
Reinildo Mandava,1994-01-21,Mozambique,Atlético de Madrid,LaLiga
Javi Galán,1994-11-19,Spain,Atlético de Madrid,LaLiga
Nahuel Molina,1998-04-06,Argentina,Atlético de Madrid,LaLiga
César Azpilicueta,1989-08-28,Spain,Atlético de Madrid,LaLiga
Axel Witsel,1989-01-12,Belgium,Atlético de Madrid,LaLiga
Rodrigo de Paul,1994-05-24,Argentina,Atlético de Madrid,LaLiga
Marcos Llorente,1995-01-30,Spain,Atlético de Madrid,LaLiga
Koke,1992-01-08,Spain,Atlético de Madrid,LaLiga
Saúl Ñíguez,1994-11-21,Spain,Atlético de Madrid,LaLiga
Pablo Barrios,2003-06-15,Spain,Atlético de Madrid,LaLiga
Thomas Lemar,1995-11-12,France,Atlético de Madrid,LaLiga
Yannick Carrasco,1993-09-04,Belgium,Atlético de Madrid,LaLiga
Samuel Lino,1999-12-23,Brazil,Atlético de Madrid,LaLiga
Rodrigo Riquelme,2000-04-02,Spain,Atlético de Madrid,LaLiga
Vitolo,1989-11-02,Spain,Atlético de Madrid,LaLiga
Ángel Correa,1995-03-09,Argentina,Atlético de Madrid,LaLiga
Víctor Mollejo,2001-01-21,Spain,Atlético de Madrid,LaLiga
João Félix,1999-11-10,Portugal,Atlético de Madrid,LaLiga
Antoine Griezmann,1991-03-21,France,Atlético de Madrid,LaLiga
Álvaro Morata,1992-10-23,Spain,Atlético de Madrid,LaLiga
Memphis Depay,1994-02-13,Netherlands,Atlético de Madrid,LaLiga
Sergio Camello,2001-02-10,Spain,Atlético de Madrid,LaLiga
Borja Garcés,1999-08-06,Spain,Atlético de Madrid,LaLiga
Álex Remiro,1995-03-24,Spain,Real Sociedad,LaLiga
Unai Marrero,2001-10-09,Spain,Real Sociedad,LaLiga
Robin Le Normand,1996-11-11,Spain,Real Sociedad,LaLiga
Igor Zubeldia,1997-03-30,Spain,Real Sociedad,LaLiga
Aritz Elustondo,1994-03-28,Spain,Real Sociedad,LaLiga
Jon Pacheco,2001-01-08,Spain,Real Sociedad,LaLiga
Aihen Muñoz,1997-08-16,Spain,Real Sociedad,LaLiga
Diego Rico,1993-02-23,Spain,Real Sociedad,LaLiga
Hamari Traoré,1992-01-27,Mali,Real Sociedad,LaLiga
Andoni Gorosabel,1996-08-04,Spain,Real Sociedad,LaLiga
Álex Sola,1999-06-09,Spain,Real Sociedad,LaLiga
Martín Zubimendi,1999-02-02,Spain,Real Sociedad,LaLiga
Peter Pokorny,2001-08-08,Slovakia,Real Sociedad,LaLiga
Mikel Merino,1996-06-22,Spain,Real Sociedad,LaLiga
Beñat Turrientes,2002-01-31,Spain,Real Sociedad,LaLiga
Jon Ander Olasagasti,2000-08-16,Spain,Real Sociedad,LaLiga
Brais Méndez,1997-01-07,Spain,Real Sociedad,LaLiga
Robert Navarro,2002-04-12,Spain,Real Sociedad,LaLiga
Pablo Marín,2003-07-03,Spain,Real Sociedad,LaLiga
Mikel Oyarzabal,1997-04-21,Spain,Real Sociedad,LaLiga
Ander Barrenetxea,2001-12-27,Spain,Real Sociedad,LaLiga
Martín Merquelanz,1995-06-12,Spain,Real Sociedad,LaLiga
Takefusa Kubo,2001-06-04,Japan,Real Sociedad,LaLiga
Umar Sadiq,1997-02-02,Nigeria,Real Sociedad,LaLiga
Mohamed-Ali Cho,2004-01-19,France,Real Sociedad,LaLiga
Jon Karrikaburu,2002-09-19,Spain,Real Sociedad,LaLiga
Carlos Fernández,1996-05-22,Spain,Real Sociedad,LaLiga
Rui Silva,1994-02-07,Portugal,Real Betis Balompié,LaLiga
Claudio Bravo,1983-04-13,Chile,Real Betis Balompié,LaLiga
Luiz Felipe,1997-03-22,Italy,Real Betis Balompié,LaLiga
Germán Pezzella,1991-06-27,Argentina,Real Betis Balompié,LaLiga
Marc Bartra,1991-01-15,Spain,Real Betis Balompié,LaLiga
Chadi Riad,2003-06-17,Morocco,Real Betis Balompié,LaLiga
Juan Miranda,2000-01-19,Spain,Real Betis Balompié,LaLiga
Abner,2000-05-27,Brazil,Real Betis Balompié,LaLiga
Héctor Bellerín,1995-03-19,Spain,Real Betis Balompié,LaLiga
Youssouf Sabaly,1993-03-05,Senegal,Real Betis Balompié,LaLiga
Martín Montoya,1991-04-14,Spain,Real Betis Balompié,LaLiga
Guido Rodríguez,1994-04-12,Argentina,Real Betis Balompié,LaLiga
William Carvalho,1992-04-07,Portugal,Real Betis Balompié,LaLiga
Marc Roca,1996-11-26,Spain,Real Betis Balompié,LaLiga
Paul Akouokou,1997-12-20,Cote d'Ivoire,Real Betis Balompié,LaLiga
Andrés Guardado,1986-09-28,Mexico,Real Betis Balompié,LaLiga
Nabil Fekir,1993-07-18,France,Real Betis Balompié,LaLiga
Rodri Sánchez,2000-05-16,Spain,Real Betis Balompié,LaLiga
Isco,1992-04-21,Spain,Real Betis Balompié,LaLiga
Juanmi,1993-05-20,Spain,Real Betis Balompié,LaLiga
Ayoze Pérez,1993-07-29,Spain,Real Betis Balompié,LaLiga
Luiz Henrique,2001-01-02,Brazil,Real Betis Balompié,LaLiga
Aitor Ruibal,1996-03-22,Spain,Real Betis Balompié,LaLiga
Juan Cruz,2000-04-25,Spain,Real Betis Balompié,LaLiga
Borja Iglesias,1993-01-17,Spain,Real Betis Balompié,LaLiga
Willian José,1991-11-23,Brazil,Real Betis Balompié,LaLiga
Raúl García,2000-11-03,Spain,Real Betis Balompié,LaLiga
Unai Simón,1997-06-11,Spain,Athletic Bilbao,LaLiga
Julen Agirrezabala,2000-12-26,Spain,Athletic Bilbao,LaLiga
Yeray Álvarez,1995-01-24,Spain,Athletic Bilbao,LaLiga
Dani Vivian,1999-07-05,Spain,Athletic Bilbao,LaLiga
Aitor Paredes,2000-04-29,Spain,Athletic Bilbao,LaLiga
Yuri Berchiche,1990-02-10,Spain,Athletic Bilbao,LaLiga
Imanol García de Albéniz,2000-06-08,Spain,Athletic Bilbao,LaLiga
Iñigo Lekue,1993-05-04,Spain,Athletic Bilbao,LaLiga
Óscar de Marcos,1989-04-14,Spain,Athletic Bilbao,LaLiga
Mikel Vesga,1993-04-08,Spain,Athletic Bilbao,LaLiga
Peru Nolaskoain,1998-10-25,Spain,Athletic Bilbao,LaLiga
Unai Vencedor,2000-11-15,Spain,Athletic Bilbao,LaLiga
Iñigo Ruiz de Galarreta,1993-08-06,Spain,Athletic Bilbao,LaLiga
Ander Herrera,1989-08-14,Spain,Athletic Bilbao,LaLiga
Dani García,1990-05-24,Spain,Athletic Bilbao,LaLiga
Beñat Prados,2001-02-08,Spain,Athletic Bilbao,LaLiga
Oihan Sancet,2000-04-25,Spain,Athletic Bilbao,LaLiga
Iker Muniain,1992-12-19,Spain,Athletic Bilbao,LaLiga
Álex Berenguer,1995-07-04,Spain,Athletic Bilbao,LaLiga
Jon Morcillo,1998-09-15,Spain,Athletic Bilbao,LaLiga
Nico Serrano,2003-03-05,Spain,Athletic Bilbao,LaLiga
Adu Ares,2001-10-12,Spain,Athletic Bilbao,LaLiga
Nico Williams,2002-07-12,Spain,Athletic Bilbao,LaLiga
Iñaki Williams,1994-06-15,Ghana,Athletic Bilbao,LaLiga
Asier Villalibre,1997-09-30,Spain,Athletic Bilbao,LaLiga
Raúl García,1986-07-11,Spain,Athletic Bilbao,LaLiga
Gorka Guruzeta,1996-09-12,Spain,Athletic Bilbao,LaLiga
Javier Martón,1999-05-06,Spain,Athletic Bilbao,LaLiga
Filip Jörgensen,2002-04-16,Denmark,Villarreal CF,LaLiga
Pepe Reina,1982-08-31,Spain,Villarreal CF,LaLiga
Matteo Gabbia,1999-10-21,Italy,Villarreal CF,LaLiga
Jorge Cuenca,1999-11-17,Spain,Villarreal CF,LaLiga
Aïssa Mandi,1991-10-22,Algeria,Villarreal CF,LaLiga
Raúl Albiol,1985-09-04,Spain,Villarreal CF,LaLiga
Alfonso Pedraza,1996-04-09,Spain,Villarreal CF,LaLiga
Alberto Moreno,1992-07-05,Spain,Villarreal CF,LaLiga
Juan Foyth,1998-01-12,Argentina,Villarreal CF,LaLiga
Kiko Femenía,1991-02-02,Spain,Villarreal CF,LaLiga
Ramón Terrats,2000-10-18,Spain,Villarreal CF,LaLiga
Étienne Capoue,1988-07-11,France,Villarreal CF,LaLiga
Francis Coquelin,1991-05-13,France,Villarreal CF,LaLiga
Santi Comesaña,1996-10-05,Spain,Villarreal CF,LaLiga
Dani Parejo,1989-04-16,Spain,Villarreal CF,LaLiga
Manu Trigueros,1991-10-17,Spain,Villarreal CF,LaLiga
Álex Baena,2001-07-20,Spain,Villarreal CF,LaLiga
Denis Suárez,1994-01-06,Spain,Villarreal CF,LaLiga
Ben Brereton Díaz,1999-04-18,Chile,Villarreal CF,LaLiga
Yéremy Pino,2002-10-20,Spain,Villarreal CF,LaLiga
Ilias Akhomach,2004-04-16,Spain,Villarreal CF,LaLiga
Gerard Moreno,1992-04-07,Spain,Villarreal CF,LaLiga
Alexander Sørloth,1995-12-05,Norway,Villarreal CF,LaLiga
José Luis Morales,1987-07-23,Spain,Villarreal CF,LaLiga
Bono,1991-04-05,Morocco,Sevilla FC,LaLiga
Marko Dmitrović,1992-01-24,Serbia,Sevilla FC,LaLiga
Alfonso Pastor,2000-10-04,Spain,Sevilla FC,LaLiga
Loïc Badé,2000-04-11,France,Sevilla FC,LaLiga
Tanguy Nianzou,2002-06-07,France,Sevilla FC,LaLiga
Marcão,1996-06-05,Brazil,Sevilla FC,LaLiga
Federico Gattoni,1999-02-16,Argentina,Sevilla FC,LaLiga
Kike Salas,2002-04-23,Spain,Sevilla FC,LaLiga
Marcos Acuña,1991-10-28,Argentina,Sevilla FC,LaLiga
Adrià Pedrosa,1998-05-13,Spain,Sevilla FC,LaLiga
Ludwig Augustinsson,1994-04-21,Sweden,Sevilla FC,LaLiga
Gonzalo Montiel,1997-01-01,Argentina,Sevilla FC,LaLiga
Jesús Navas,1985-11-21,Spain,Sevilla FC,LaLiga
Nemanja Gudelj,1991-11-16,Serbia,Sevilla FC,LaLiga
Fernando,1987-07-25,Brazil,Sevilla FC,LaLiga
Joan Jordán,1994-07-06,Spain,Sevilla FC,LaLiga
Óliver Torres,1994-11-10,Spain,Sevilla FC,LaLiga
Ivan Rakitic,1988-03-10,Croatia,Sevilla FC,LaLiga
Thomas Delaney,1991-09-03,Denmark,Sevilla FC,LaLiga
Óscar Rodríguez,1998-06-28,Spain,Sevilla FC,LaLiga
Oussama Idrissi,1996-02-26,Morocco,Sevilla FC,LaLiga
Papu Gómez,1988-02-15,Argentina,Sevilla FC,LaLiga
Lucas Ocampos,1994-07-11,Argentina,Sevilla FC,LaLiga
Erik Lamela,1992-03-04,Argentina,Sevilla FC,LaLiga
Tecatito,1993-01-06,Mexico,Sevilla FC,LaLiga
Adnan Januzaj,1995-02-05,Belgium,Sevilla FC,LaLiga
Suso,1993-11-19,Spain,Sevilla FC,LaLiga
Rony Lopes,1995-12-28,Portugal,Sevilla FC,LaLiga
Juanlu Sánchez,2003-08-15,Spain,Sevilla FC,LaLiga
Youssef En-Nesyri,1997-06-01,Morocco,Sevilla FC,LaLiga
Rafa Mir,1997-06-18,Spain,Sevilla FC,LaLiga
Iván Romero,2001-04-10,Spain,Sevilla FC,LaLiga
Giorgi Mamardashvili,2000-09-29,Georgia,Valencia CF,LaLiga
Jaume Doménech,1990-11-05,Spain,Valencia CF,LaLiga
Cristian Rivero,1998-03-21,Spain,Valencia CF,LaLiga
Mouctar Diakhaby,1996-12-19,Guinea,Valencia CF,LaLiga
Cenk Özkacar,2000-10-06,Turkey,Valencia CF,LaLiga
Eray Cömert,1998-02-04,Switzerland,Valencia CF,LaLiga
Gabriel Paulista,1990-11-26,Brazil,Valencia CF,LaLiga
Cristhian Mosquera,2004-06-27,Spain,Valencia CF,LaLiga
José Gayà,1995-05-25,Spain,Valencia CF,LaLiga
Jesús Vázquez,2003-01-02,Spain,Valencia CF,LaLiga
Thierry Correia,1999-03-09,Portugal,Valencia CF,LaLiga
Dimitri Foulquier,1993-03-23,Guadeloupe,Valencia CF,LaLiga
Hugo Guillamón,2000-01-31,Spain,Valencia CF,LaLiga
Uros Racic,1998-03-17,Serbia,Valencia CF,LaLiga
Pepelu,1998-08-11,Spain,Valencia CF,LaLiga
André Almeida,2000-05-30,Portugal,Valencia CF,LaLiga
Yunus Musah,2002-11-29,United States,Valencia CF,LaLiga
Javi Guerra,2003-05-13,Spain,Valencia CF,LaLiga
Koba Koindredi,2001-10-27,Neukaledonien,Valencia CF,LaLiga
Samu Castillejo,1995-01-18,Spain,Valencia CF,LaLiga
Fran Pérez,2002-09-09,Spain,Valencia CF,LaLiga
Hugo Duro,1999-11-10,Spain,Valencia CF,LaLiga
Marcos André,1996-10-20,Brazil,Valencia CF,LaLiga
Diego López,2002-05-13,Spain,Valencia CF,LaLiga
Alberto Marí,2001-07-11,Spain,Valencia CF,LaLiga
Agustín Marchesín,1988-03-16,Argentina,Celta de Vigo,LaLiga
Iván Villar,1997-07-09,Spain,Celta de Vigo,LaLiga
Joseph Aidoo,1995-09-29,Ghana,Celta de Vigo,LaLiga
Unai Núñez,1997-01-30,Spain,Celta de Vigo,LaLiga
Óscar Mingueza,1999-05-13,Spain,Celta de Vigo,LaLiga
José Fontán,2000-02-11,Spain,Celta de Vigo,LaLiga
Carlos Domínguez,2001-02-11,Spain,Celta de Vigo,LaLiga
Manu Sánchez,2000-08-24,Spain,Celta de Vigo,LaLiga
Sergio Carreira,2000-10-13,Spain,Celta de Vigo,LaLiga
Kevin Vázquez,1993-03-23,Spain,Celta de Vigo,LaLiga
Renato Tapia,1995-07-28,Peru,Celta de Vigo,LaLiga
Gabri Veiga,2002-05-27,Spain,Celta de Vigo,LaLiga
Fran Beltrán,1999-02-03,Spain,Celta de Vigo,LaLiga
Luca de la Torre,1998-05-23,United States,Celta de Vigo,LaLiga
Carlos Dotor,2001-03-15,Spain,Celta de Vigo,LaLiga
Williot Swedberg,2004-02-01,Sweden,Celta de Vigo,LaLiga
Miguel Baeza,2000-03-27,Spain,Celta de Vigo,LaLiga
Jonathan Bamba,1996-03-26,Cote d'Ivoire,Celta de Vigo,LaLiga
Franco Cervi,1994-05-26,Argentina,Celta de Vigo,LaLiga
Carles Pérez,1998-02-16,Spain,Celta de Vigo,LaLiga
Jörgen Strand Larsen,2000-02-06,Norway,Celta de Vigo,LaLiga
Iago Aspas,1987-08-01,Spain,Celta de Vigo,LaLiga
Santi Mina,1995-12-07,Spain,Celta de Vigo,LaLiga
Gonçalo Paciência,1994-08-01,Portugal,Celta de Vigo,LaLiga
Miguel Rodríguez,2003-04-29,Spain,Celta de Vigo,LaLiga
Aaron Ramsdale,1998-05-14,England,Arsenal FC,Premier League
Matt Turner,1994-06-24,United States,Arsenal FC,Premier League
Rúnar Alex Rúnarsson,1995-02-18,Iceland,Arsenal FC,Premier League
William Saliba,2001-03-24,France,Arsenal FC,Premier League
Gabriel Magalhães,1997-12-19,Brazil,Arsenal FC,Premier League
Jurrien Timber,2001-06-17,Netherlands,Arsenal FC,Premier League
Jakub Kiwior,2000-02-15,Poland,Arsenal FC,Premier League
Auston Trusty,1998-08-12,United States,Arsenal FC,Premier League
Rob Holding,1995-09-20,England,Arsenal FC,Premier League
Oleksandr Zinchenko,1996-12-15,Ukraine,Arsenal FC,Premier League
Kieran Tierney,1997-06-05,Scotland,Arsenal FC,Premier League
Nuno Tavares,2000-01-26,Portugal,Arsenal FC,Premier League
Ben White,1997-10-08,England,Arsenal FC,Premier League
Takehiro Tomiyasu,1998-11-05,Japan,Arsenal FC,Premier League
Cédric Soares,1991-08-31,Portugal,Arsenal FC,Premier League
Declan Rice,1999-01-14,England,Arsenal FC,Premier League
Thomas Partey,1993-06-13,Ghana,Arsenal FC,Premier League
Jorginho,1991-12-20,Italy,Arsenal FC,Premier League
Mohamed Elneny,1992-07-11,Egypt,Arsenal FC,Premier League
Albert Sambi Lokonga,1999-10-22,Belgium,Arsenal FC,Premier League
Martin Ødegaard,1998-12-17,Norway,Arsenal FC,Premier League
Kai Havertz,1999-06-11,Germany,Arsenal FC,Premier League
Emile Smith Rowe,2000-07-28,England,Arsenal FC,Premier League
Fábio Vieira,2000-05-30,Portugal,Arsenal FC,Premier League
Gabriel Martinelli,2001-06-18,Brazil,Arsenal FC,Premier League
Leandro Trossard,1994-12-04,Belgium,Arsenal FC,Premier League
Bukayo Saka,2001-09-05,England,Arsenal FC,Premier League
Nicolas Pépé,1995-05-29,Cote d'Ivoire,Arsenal FC,Premier League
Reiss Nelson,1999-12-10,England,Arsenal FC,Premier League
Marquinhos,2003-04-07,Brazil,Arsenal FC,Premier League
Gabriel Jesus,1997-04-03,Brazil,Arsenal FC,Premier League
Folarin Balogun,2001-07-03,United States,Arsenal FC,Premier League
Eddie Nketiah,1999-05-30,England,Arsenal FC,Premier League
Ederson,1993-08-17,Brazil,Manchester City,Premier League
Stefan Ortega,1992-11-06,Germany,Manchester City,Premier League
Zack Steffen,1995-04-02,United States,Manchester City,Premier League
Scott Carson,1985-09-03,England,Manchester City,Premier League
Rúben Dias,1997-05-14,Portugal,Manchester City,Premier League
Nathan Aké,1995-02-18,Netherlands,Manchester City,Premier League
John Stones,1994-05-28,England,Manchester City,Premier League
Manuel Akanji,1995-07-19,Switzerland,Manchester City,Premier League
Aymeric Laporte,1994-05-27,Spain,Manchester City,Premier League
Taylor Harwood-Bellis,2002-01-30,England,Manchester City,Premier League
Sergio Gómez,2000-09-04,Spain,Manchester City,Premier League
João Cancelo,1994-05-27,Portugal,Manchester City,Premier League
Rico Lewis,2004-11-21,England,Manchester City,Premier League
Kyle Walker,1990-05-28,England,Manchester City,Premier League
Rodri,1996-06-22,Spain,Manchester City,Premier League
Kalvin Phillips,1995-12-02,England,Manchester City,Premier League
Máximo Perrone,2003-01-07,Argentina,Manchester City,Premier League
Mateo Kovacic,1994-05-06,Croatia,Manchester City,Premier League
Bernardo Silva,1994-08-10,Portugal,Manchester City,Premier League
Kevin De Bruyne,1991-06-28,Belgium,Manchester City,Premier League
Cole Palmer,2002-05-06,England,Manchester City,Premier League
Phil Foden,2000-05-28,England,Manchester City,Premier League
Jack Grealish,1995-09-10,England,Manchester City,Premier League
Erling Haaland,2000-07-21,Norway,Manchester City,Premier League
Julián Álvarez,2000-01-31,Argentina,Manchester City,Premier League
Kepa Arrizabalaga,1994-10-03,Spain,Chelsea FC,Premier League
Gabriel Slonina,2004-05-15,United States,Chelsea FC,Premier League
Marcus Bettinelli,1992-05-24,England,Chelsea FC,Premier League
Wesley Fofana,2000-12-17,France,Chelsea FC,Premier League
Benoît Badiashile,2001-03-26,France,Chelsea FC,Premier League
Levi Colwill,2003-02-26,England,Chelsea FC,Premier League
Trevoh Chalobah,1999-07-05,England,Chelsea FC,Premier League
Malang Sarr,1999-01-23,France,Chelsea FC,Premier League
Thiago Silva,1984-09-22,Brazil,Chelsea FC,Premier League
Ben Chilwell,1996-12-21,England,Chelsea FC,Premier League
Marc Cucurella,1998-07-22,Spain,Chelsea FC,Premier League
Ian Maatsen,2002-03-10,Netherlands,Chelsea FC,Premier League
Lewis Hall,2004-09-08,England,Chelsea FC,Premier League
Reece James,1999-12-08,England,Chelsea FC,Premier League
Malo Gusto,2003-05-19,France,Chelsea FC,Premier League
Enzo Fernández,2001-01-17,Argentina,Chelsea FC,Premier League
Andrey Santos,2004-05-03,Brazil,Chelsea FC,Premier League
Lesley Ugochukwu,2004-03-26,France,Chelsea FC,Premier League
Conor Gallagher,2000-02-06,England,Chelsea FC,Premier League
Carney Chukwuemeka,2003-10-20,England,Chelsea FC,Premier League
Cesare Casadei,2003-01-10,Italy,Chelsea FC,Premier League
Raheem Sterling,1994-12-08,England,Chelsea FC,Premier League
Mykhaylo Mudryk,2001-01-05,Ukraine,Chelsea FC,Premier League
Callum Hudson-Odoi,2000-11-07,England,Chelsea FC,Premier League
Diego Moreira,2004-08-06,Portugal,Chelsea FC,Premier League
Noni Madueke,2002-03-10,England,Chelsea FC,Premier League
Hakim Ziyech,1993-03-19,Morocco,Chelsea FC,Premier League
Ângelo,2004-12-21,Brazil,Chelsea FC,Premier League
Christopher Nkunku,1997-11-14,France,Chelsea FC,Premier League
Romelu Lukaku,1993-05-13,Belgium,Chelsea FC,Premier League
Nicolas Jackson,2001-06-20,Senegal,Chelsea FC,Premier League
Armando Broja,2001-09-10,Albania,Chelsea FC,Premier League
André Onana,1996-04-02,Cameroon,Manchester United,Premier League
Dean Henderson,1997-03-12,England,Manchester United,Premier League
Matej Kovar,2000-05-17,Czech Republic,Manchester United,Premier League
Tom Heaton,1986-04-15,England,Manchester United,Premier League
Lisandro Martínez,1998-01-18,Argentina,Manchester United,Premier League
Raphaël Varane,1993-04-25,France,Manchester United,Premier League
Harry Maguire,1993-03-05,England,Manchester United,Premier League
Victor Lindelöf,1994-07-17,Sweden,Manchester United,Premier League
Eric Bailly,1994-04-12,Cote d'Ivoire,Manchester United,Premier League
Jonny Evans,1988-01-03,Northern Ireland,Manchester United,Premier League
Teden Mengi,2002-04-30,England,Manchester United,Premier League
Luke Shaw,1995-07-12,England,Manchester United,Premier League
Tyrell Malacia,1999-08-17,Netherlands,Manchester United,Premier League
Brandon Williams,2000-09-03,England,Manchester United,Premier League
Álvaro Fernandez,2003-03-23,Spain,Manchester United,Premier League
Diogo Dalot,1999-03-18,Portugal,Manchester United,Premier League
Aaron Wan-Bissaka,1997-11-26,England,Manchester United,Premier League
Casemiro,1992-02-23,Brazil,Manchester United,Premier League
Scott McTominay,1996-12-08,Scotland,Manchester United,Premier League
Christian Eriksen,1992-02-14,Denmark,Manchester United,Premier League
Fred,1993-03-05,Brazil,Manchester United,Premier League
Donny van de Beek,1997-04-18,Netherlands,Manchester United,Premier League
Kobbie Mainoo,2005-04-19,England,Manchester United,Premier League
Bruno Fernandes,1994-09-08,Portugal,Manchester United,Premier League
Mason Mount,1999-01-10,England,Manchester United,Premier League
Hannibal,2003-01-21,Tunisia,Manchester United,Premier League
Marcus Rashford,1997-10-31,England,Manchester United,Premier League
Jadon Sancho,2000-03-25,England,Manchester United,Premier League
Alejandro Garnacho,2004-07-01,Argentina,Manchester United,Premier League
Antony,2000-02-24,Brazil,Manchester United,Premier League
Amad Diallo,2002-07-11,Cote d'Ivoire,Manchester United,Premier League
Facundo Pellistri,2001-12-20,Uruguay,Manchester United,Premier League
Shola Shoretire,2004-02-02,England,Manchester United,Premier League
Mason Greenwood,2001-10-01,England,Manchester United,Premier League
Anthony Martial,1995-12-05,France,Manchester United,Premier League
Alisson,1992-10-02,Brazil,Liverpool FC,Premier League
Caoimhín Kelleher,1998-11-23,Ireland,Liverpool FC,Premier League
Adrián,1987-01-03,Spain,Liverpool FC,Premier League
Ibrahima Konaté,1999-05-25,France,Liverpool FC,Premier League
Virgil van Dijk,1991-07-08,Netherlands,Liverpool FC,Premier League
Joe Gomez,1997-05-23,England,Liverpool FC,Premier League
Joel Matip,1991-08-08,Cameroon,Liverpool FC,Premier League
Nathaniel Phillips,1997-03-21,England,Liverpool FC,Premier League
Andrew Robertson,1994-03-11,Scotland,Liverpool FC,Premier League
Konstantinos Tsimikas,1996-05-12,Greece,Liverpool FC,Premier League
Trent Alexander-Arnold,1998-10-07,England,Liverpool FC,Premier League
Stefan Bajcetic,2004-10-22,Spain,Liverpool FC,Premier League
Alexis Mac Allister,1998-12-24,Argentina,Liverpool FC,Premier League
Curtis Jones,2001-01-30,England,Liverpool FC,Premier League
Thiago,1991-04-11,Spain,Liverpool FC,Premier League
Dominik Szoboszlai,2000-10-25,Hungary,Liverpool FC,Premier League
Harvey Elliott,2003-04-04,England,Liverpool FC,Premier League
Luis Díaz,1997-01-13,Colombia,Liverpool FC,Premier League
Cody Gakpo,1999-05-07,Netherlands,Liverpool FC,Premier League
Diogo Jota,1996-12-04,Portugal,Liverpool FC,Premier League
Mohamed Salah,1992-06-15,Egypt,Liverpool FC,Premier League
Darwin Núñez,1999-06-24,Uruguay,Liverpool FC,Premier League
Guglielmo Vicario,1996-10-07,Italy,Tottenham Hotspur,Premier League
Hugo Lloris,1986-12-26,France,Tottenham Hotspur,Premier League
Fraser Forster,1988-03-17,England,Tottenham Hotspur,Premier League
Alfie Whiteman,1998-10-02,England,Tottenham Hotspur,Premier League
Brandon Austin,1999-01-08,England,Tottenham Hotspur,Premier League
Cristian Romero,1998-04-27,Argentina,Tottenham Hotspur,Premier League
Eric Dier,1994-01-15,England,Tottenham Hotspur,Premier League
Davinson Sánchez,1996-06-12,Colombia,Tottenham Hotspur,Premier League
Joe Rodon,1997-10-22,Wales,Tottenham Hotspur,Premier League
Japhet Tanganga,1999-03-31,England,Tottenham Hotspur,Premier League
Destiny Udogie,2002-11-28,Italy,Tottenham Hotspur,Premier League
Ben Davies,1993-04-24,Wales,Tottenham Hotspur,Premier League
Sergio Reguilón,1996-12-16,Spain,Tottenham Hotspur,Premier League
Pedro Porro,1999-09-13,Spain,Tottenham Hotspur,Premier League
Emerson Royal,1999-01-14,Brazil,Tottenham Hotspur,Premier League
Djed Spence,2000-08-09,England,Tottenham Hotspur,Premier League
Oliver Skipp,2000-09-16,England,Tottenham Hotspur,Premier League
Pierre-Emile Höjbjerg,1995-08-05,Denmark,Tottenham Hotspur,Premier League
Rodrigo Bentancur,1997-06-25,Uruguay,Tottenham Hotspur,Premier League
Tanguy Ndombélé,1996-12-28,France,Tottenham Hotspur,Premier League
Yves Bissouma,1996-08-30,Mali,Tottenham Hotspur,Premier League
Pape Matar Sarr,2002-09-14,Senegal,Tottenham Hotspur,Premier League
Giovani Lo Celso,1996-04-09,Argentina,Tottenham Hotspur,Premier League
Ryan Sessegnon,2000-05-18,England,Tottenham Hotspur,Premier League
Ivan Perisic,1989-02-02,Croatia,Tottenham Hotspur,Premier League
James Maddison,1996-11-23,England,Tottenham Hotspur,Premier League
Heung-min Son,1992-07-08,"Korea, South",Tottenham Hotspur,Premier League
Manor Solomon,1999-07-24,Israel,Tottenham Hotspur,Premier League
Bryan Gil,2001-02-11,Spain,Tottenham Hotspur,Premier League
Dejan Kulusevski,2000-04-25,Sweden,Tottenham Hotspur,Premier League
Harry Kane,1993-07-28,England,Tottenham Hotspur,Premier League
Richarlison,1997-05-10,Brazil,Tottenham Hotspur,Premier League
Emiliano Martínez,1992-09-02,Argentina,Aston Villa,Premier League
Robin Olsen,1990-01-08,Sweden,Aston Villa,Premier League
Pau Torres,1997-01-16,Spain,Aston Villa,Premier League
Ezri Konsa,1997-10-23,England,Aston Villa,Premier League
Tyrone Mings,1993-03-13,England,Aston Villa,Premier League
Diego Carlos,1993-03-15,Brazil,Aston Villa,Premier League
Kortney Hause,1995-07-16,England,Aston Villa,Premier League
Lucas Digne,1993-07-20,France,Aston Villa,Premier League
Álex Moreno,1993-06-08,Spain,Aston Villa,Premier League
Matty Cash,1997-08-07,Poland,Aston Villa,Premier League
Calum Chambers,1995-01-20,England,Aston Villa,Premier League
Boubacar Kamara,1999-11-23,France,Aston Villa,Premier League
Leander Dendoncker,1995-04-15,Belgium,Aston Villa,Premier League
Jacob Ramsey,2001-05-28,England,Aston Villa,Premier League
Douglas Luiz,1998-05-09,Brazil,Aston Villa,Premier League
John McGinn,1994-10-18,Scotland,Aston Villa,Premier League
Youri Tielemans,1997-05-07,Belgium,Aston Villa,Premier League
Tim Iroegbunam,2003-06-30,England,Aston Villa,Premier League
Leon Bailey,1997-08-09,Jamaica,Aston Villa,Premier League
Philippe Coutinho,1992-06-12,Brazil,Aston Villa,Premier League
Jaden Philogene,2002-02-08,England,Aston Villa,Premier League
Moussa Diaby,1999-07-07,France,Aston Villa,Premier League
Emiliano Buendía,1996-12-25,Argentina,Aston Villa,Premier League
Bertrand Traoré,1995-09-06,Burkina Faso,Aston Villa,Premier League
Ollie Watkins,1995-12-30,England,Aston Villa,Premier League
Jhon Durán,2003-12-13,Colombia,Aston Villa,Premier League
Cameron Archer,2001-12-09,England,Aston Villa,Premier League
Keinan Davis,1998-02-13,England,Aston Villa,Premier League
Nick Pope,1992-04-19,England,Newcastle United,Premier League
Martin Dúbravka,1989-01-15,Slovakia,Newcastle United,Premier League
Loris Karius,1993-06-22,Germany,Newcastle United,Premier League
Mark Gillespie,1992-03-27,England,Newcastle United,Premier League
Sven Botman,2000-01-12,Netherlands,Newcastle United,Premier League
Fabian Schär,1991-12-20,Switzerland,Newcastle United,Premier League
Jamaal Lascelles,1993-11-11,England,Newcastle United,Premier League
Matt Targett,1995-09-18,England,Newcastle United,Premier League
Dan Burn,1992-05-09,England,Newcastle United,Premier League
Paul Dummett,1991-09-26,Wales,Newcastle United,Premier League
Kieran Trippier,1990-09-19,England,Newcastle United,Premier League
Emil Krafth,1994-08-02,Sweden,Newcastle United,Premier League
Javier Manquillo,1994-05-05,Spain,Newcastle United,Premier League
Harrison Ashby,2001-11-14,Scotland,Newcastle United,Premier League
Bruno Guimarães,1997-11-16,Brazil,Newcastle United,Premier League
Sandro Tonali,2000-05-08,Italy,Newcastle United,Premier League
Isaac Hayden,1995-03-22,England,Newcastle United,Premier League
Joelinton,1996-08-14,Brazil,Newcastle United,Premier League
Joe Willock,1999-08-20,England,Newcastle United,Premier League
Sean Longstaff,1997-10-30,England,Newcastle United,Premier League
Jeff Hendrick,1992-01-31,Ireland,Newcastle United,Premier League
Matt Ritchie,1989-09-10,Scotland,Newcastle United,Premier League
Elliot Anderson,2002-11-06,Scotland,Newcastle United,Premier League
Anthony Gordon,2001-02-24,England,Newcastle United,Premier League
Harvey Barnes,1997-12-09,England,Newcastle United,Premier League
Ryan Fraser,1994-02-24,Scotland,Newcastle United,Premier League
Miguel Almirón,1994-02-10,Paraguay,Newcastle United,Premier League
Jacob Murphy,1995-02-24,England,Newcastle United,Premier League
Garang Kuol,2004-09-15,Australia,Newcastle United,Premier League
Alexander Isak,1999-09-21,Sweden,Newcastle United,Premier League
Callum Wilson,1992-02-27,England,Newcastle United,Premier League
Robert Sánchez,1997-11-18,Spain,Brighton & Hove Albion,Premier League
Bart Verbruggen,2002-08-18,Netherlands,Brighton & Hove Albion,Premier League
Jason Steele,1990-08-18,England,Brighton & Hove Albion,Premier League
Tom McGill,2000-03-25,Canada,Brighton & Hove Albion,Premier League
Adam Webster,1995-01-04,England,Brighton & Hove Albion,Premier League
Lewis Dunk,1991-11-21,England,Brighton & Hove Albion,Premier League
Igor,1998-02-07,Brazil,Brighton & Hove Albion,Premier League
Jan Paul van Hecke,2000-06-08,Netherlands,Brighton & Hove Albion,Premier League
Pervis Estupiñán,1998-01-21,Ecuador,Brighton & Hove Albion,Premier League
Michal Karbownik,2001-03-13,Poland,Brighton & Hove Albion,Premier League
Tariq Lamptey,2000-09-30,Ghana,Brighton & Hove Albion,Premier League
Joël Veltman,1992-01-15,Netherlands,Brighton & Hove Albion,Premier League
Moisés Caicedo,2001-11-02,Ecuador,Brighton & Hove Albion,Premier League
Mahmoud Dahoud,1996-01-01,Germany,Brighton & Hove Albion,Premier League
Billy Gilmour,2001-06-11,Scotland,Brighton & Hove Albion,Premier League
Jakub Moder,1999-04-07,Poland,Brighton & Hove Albion,Premier League
Pascal Groß,1991-06-15,Germany,Brighton & Hove Albion,Premier League
Yasin Ayari,2003-10-06,Sweden,Brighton & Hove Albion,Premier League
Steven Alzate,1998-09-08,Colombia,Brighton & Hove Albion,Premier League
James Milner,1986-01-04,England,Brighton & Hove Albion,Premier League
Jensen Weir,2002-01-31,England,Brighton & Hove Albion,Premier League
Facundo Buonanotte,2004-12-23,Argentina,Brighton & Hove Albion,Premier League
Adam Lallana,1988-05-10,England,Brighton & Hove Albion,Premier League
Andy Moran,2003-10-15,Ireland,Brighton & Hove Albion,Premier League
Kaoru Mitoma,1997-05-20,Japan,Brighton & Hove Albion,Premier League
Simon Adingra,2002-01-01,Cote d'Ivoire,Brighton & Hove Albion,Premier League
Solly March,1994-07-20,England,Brighton & Hove Albion,Premier League
Julio Enciso,2004-01-23,Paraguay,Brighton & Hove Albion,Premier League
João Pedro,2001-09-26,Brazil,Brighton & Hove Albion,Premier League
Evan Ferguson,2004-10-19,Ireland,Brighton & Hove Albion,Premier League
Deniz Undav,1996-07-19,Germany,Brighton & Hove Albion,Premier League
Danny Welbeck,1990-11-26,England,Brighton & Hove Albion,Premier League
Aaron Connolly,2000-01-28,Ireland,Brighton & Hove Albion,Premier League
Andi Zeqiri,1999-06-22,Switzerland,Brighton & Hove Albion,Premier League
David Raya,1995-09-15,Spain,Brentford FC,Premier League
Mark Flekken,1993-06-13,Netherlands,Brentford FC,Premier League
Thomas Strakosha,1995-03-19,Albania,Brentford FC,Premier League
Ellery Balcombe,1999-10-15,England,Brentford FC,Premier League
Nathan Collins,2001-04-30,Ireland,Brentford FC,Premier League
Kristoffer Ajer,1998-04-17,Norway,Brentford FC,Premier League
Ethan Pinnock,1993-05-29,Jamaica,Brentford FC,Premier League
Mads Bech Sörensen,1999-01-07,Denmark,Brentford FC,Premier League
Ben Mee,1989-09-21,England,Brentford FC,Premier League
Zanka,1990-04-23,Denmark,Brentford FC,Premier League
Charlie Goode,1995-08-03,England,Brentford FC,Premier League
Rico Henry,1997-07-08,England,Brentford FC,Premier League
Aaron Hickey,2002-06-10,Scotland,Brentford FC,Premier League
Mads Roerslev,1999-06-24,Denmark,Brentford FC,Premier League
Vitaly Janelt,1998-05-10,Germany,Brentford FC,Premier League
Christian Nörgaard,1994-03-10,Denmark,Brentford FC,Premier League
Mathias Jensen,1996-01-01,Denmark,Brentford FC,Premier League
Josh Dasilva,1998-10-23,England,Brentford FC,Premier League
Frank Onyeka,1998-01-01,Nigeria,Brentford FC,Premier League
Shandon Baptiste,1998-04-08,Grenada,Brentford FC,Premier League
Yegor Yarmolyuk,2004-03-01,Ukraine,Brentford FC,Premier League
Yoane Wissa,1996-09-03,DR Congo,Brentford FC,Premier League
Mikkel Damsgaard,2000-07-03,Denmark,Brentford FC,Premier League
Keane Lewis-Potter,2001-02-22,England,Brentford FC,Premier League
Bryan Mbeumo,1999-08-07,Cameroon,Brentford FC,Premier League
Kevin Schade,2001-11-27,Germany,Brentford FC,Premier League
Sergi Canós,1997-02-02,Spain,Brentford FC,Premier League
Ivan Toney,1996-03-16,England,Brentford FC,Premier League
Gianluigi Donnarumma,1999-02-25,Italy,Paris Saint-Germain,Ligue 1
Arnau Tenas,2001-05-30,Spain,Paris Saint-Germain,Ligue 1
Keylor Navas,1986-12-15,Costa Rica,Paris Saint-Germain,Ligue 1
Sergio Rico,1993-09-01,Spain,Paris Saint-Germain,Ligue 1
Alexandre Letellier,1990-12-11,France,Paris Saint-Germain,Ligue 1
Marquinhos,1994-05-14,Brazil,Paris Saint-Germain,Ligue 1
Milan Skriniar,1995-02-11,Slovakia,Paris Saint-Germain,Ligue 1
Lucas Hernández,1996-02-14,France,Paris Saint-Germain,Ligue 1
Presnel Kimpembe,1995-08-13,France,Paris Saint-Germain,Ligue 1
Abdou Diallo,1996-05-04,Senegal,Paris Saint-Germain,Ligue 1
Nuno Mendes,2002-06-19,Portugal,Paris Saint-Germain,Ligue 1
Juan Bernat,1993-03-01,Spain,Paris Saint-Germain,Ligue 1
Layvin Kurzawa,1992-09-04,France,Paris Saint-Germain,Ligue 1
Serif Nhaga,2005-09-01,Portugal,Paris Saint-Germain,Ligue 1
Achraf Hakimi,1998-11-04,Morocco,Paris Saint-Germain,Ligue 1
Nordi Mukiele,1997-11-01,France,Paris Saint-Germain,Ligue 1
Timothée Pembélé,2002-09-09,France,Paris Saint-Germain,Ligue 1
Colin Dagba,1998-09-09,France,Paris Saint-Germain,Ligue 1
Manuel Ugarte,2001-04-11,Uruguay,Paris Saint-Germain,Ligue 1
Leandro Paredes,1994-06-29,Argentina,Paris Saint-Germain,Ligue 1
Danilo Pereira,1991-09-09,Portugal,Paris Saint-Germain,Ligue 1
Vitinha,2000-02-13,Portugal,Paris Saint-Germain,Ligue 1
Marco Verratti,1992-11-05,Italy,Paris Saint-Germain,Ligue 1
Fabián Ruiz,1996-04-03,Spain,Paris Saint-Germain,Ligue 1
Carlos Soler,1997-01-02,Spain,Paris Saint-Germain,Ligue 1
Warren Zaïre-Emery,2006-03-08,France,Paris Saint-Germain,Ligue 1
Renato Sanches,1997-08-18,Portugal,Paris Saint-Germain,Ligue 1
Georginio Wijnaldum,1990-11-11,Netherlands,Paris Saint-Germain,Ligue 1
Edouard Michut,2003-03-04,France,Paris Saint-Germain,Ligue 1
Cher Ndour,2004-07-27,Italy,Paris Saint-Germain,Ligue 1
Kang-in Lee,2001-02-19,"Korea, South",Paris Saint-Germain,Ligue 1
Ismaël Gharbi,2004-04-10,Spain,Paris Saint-Germain,Ligue 1
Neymar,1992-02-05,Brazil,Paris Saint-Germain,Ligue 1
Julian Draxler,1993-09-20,Germany,Paris Saint-Germain,Ligue 1
Djeidi Gassama,2003-09-10,France,Paris Saint-Germain,Ligue 1
Marco Asensio,1996-01-21,Spain,Paris Saint-Germain,Ligue 1
Kylian Mbappé,1998-12-20,France,Paris Saint-Germain,Ligue 1
Hugo Ekitiké,2002-06-20,France,Paris Saint-Germain,Ligue 1
Ilyes Housni,2005-05-14,France,Paris Saint-Germain,Ligue 1
Alfred Gomis,1993-09-05,Senegal,Stade Rennais FC,Ligue 1
Gauthier Gallon,1993-04-23,France,Stade Rennais FC,Ligue 1
Steve Mandanda,1985-03-28,France,Stade Rennais FC,Ligue 1
Geoffrey Lembet,1988-09-23,Central African Republic,Stade Rennais FC,Ligue 1
Arthur Theate,2000-05-25,Belgium,Stade Rennais FC,Ligue 1
Warmed Omari,2000-04-23,France,Stade Rennais FC,Ligue 1
Jeanuël Belocian,2005-02-17,France,Stade Rennais FC,Ligue 1
Christopher Wooh,2001-09-18,Cameroon,Stade Rennais FC,Ligue 1
Adrien Truffert,2001-11-20,France,Stade Rennais FC,Ligue 1
Birger Meling,1994-12-17,Norway,Stade Rennais FC,Ligue 1
Lorenz Assignon,2000-06-22,France,Stade Rennais FC,Ligue 1
Guéla Doué,2002-10-17,Cote d'Ivoire,Stade Rennais FC,Ligue 1
Baptiste Santamaria,1995-03-09,France,Stade Rennais FC,Ligue 1
Noah Françoise,2003-07-05,France,Stade Rennais FC,Ligue 1
Lovro Majer,1998-01-17,Croatia,Stade Rennais FC,Ligue 1
Flavien Tait,1993-02-02,France,Stade Rennais FC,Ligue 1
Xeka,1994-11-10,Portugal,Stade Rennais FC,Ligue 1
Benjamin Bourigeaud,1994-01-14,France,Stade Rennais FC,Ligue 1
Ludovic Blas,1997-12-31,France,Stade Rennais FC,Ligue 1
Enzo Le Fée,2000-02-03,France,Stade Rennais FC,Ligue 1
Désiré Doué,2005-06-03,France,Stade Rennais FC,Ligue 1
Martin Terrier,1997-03-04,France,Stade Rennais FC,Ligue 1
Ibrahim Salah,2001-08-30,Morocco,Stade Rennais FC,Ligue 1
Jérémy Doku,2002-05-27,Belgium,Stade Rennais FC,Ligue 1
Loum Tchaouna,2003-09-08,France,Stade Rennais FC,Ligue 1
Amine Gouiri,2000-02-16,France,Stade Rennais FC,Ligue 1
Arnaud Kalimuendo,2002-01-20,France,Stade Rennais FC,Ligue 1
Matthis Abline,2003-03-28,France,Stade Rennais FC,Ligue 1
Philipp Köhn,1998-04-02,Switzerland,AS Monaco,Ligue 1
Radoslaw Majecki,1999-11-16,Poland,AS Monaco,Ligue 1
Yann Lienard,2003-03-16,France,AS Monaco,Ligue 1
Axel Disasi,1998-03-11,France,AS Monaco,Ligue 1
Mohammed Salisu,1999-04-17,Ghana,AS Monaco,Ligue 1
Guillermo Maripán,1994-05-06,Chile,AS Monaco,Ligue 1
Chrislain Matsima,2002-05-15,France,AS Monaco,Ligue 1
Yllan Okou,2002-12-23,France,AS Monaco,Ligue 1
Caio Henrique,1997-07-31,Brazil,AS Monaco,Ligue 1
Ismail Jakobs,1999-08-17,Senegal,AS Monaco,Ligue 1
Vanderson,2001-06-21,Brazil,AS Monaco,Ligue 1
Ruben Aguilar,1993-04-26,France,AS Monaco,Ligue 1
Mohamed Camara,2000-01-06,Mali,AS Monaco,Ligue 1
Soungoutou Magassa,2003-10-08,France,AS Monaco,Ligue 1
Youssouf Fofana,1999-01-10,France,AS Monaco,Ligue 1
Eliot Matazo,2002-02-15,Belgium,AS Monaco,Ligue 1
Edan Diop,2004-08-28,France,AS Monaco,Ligue 1
Félix Lemaréchal,2003-08-07,France,AS Monaco,Ligue 1
Aleksandr Golovin,1996-05-30,Russia,AS Monaco,Ligue 1
Eliesse Ben Seghir,2005-02-16,France,AS Monaco,Ligue 1
Maghnes Akliouche,2002-02-25,France,AS Monaco,Ligue 1
Takumi Minamino,1995-01-16,Japan,AS Monaco,Ligue 1
Krépin Diatta,1999-02-25,Senegal,AS Monaco,Ligue 1
Gelson Martins,1995-05-11,Portugal,AS Monaco,Ligue 1
Anthony Musaba,2000-12-06,Netherlands,AS Monaco,Ligue 1
Breel Embolo,1997-02-14,Switzerland,AS Monaco,Ligue 1
Wissam Ben Yedder,1990-08-12,France,AS Monaco,Ligue 1
Kevin Volland,1992-07-30,Germany,AS Monaco,Ligue 1
Myron Boadu,2001-01-14,Netherlands,AS Monaco,Ligue 1
Pau López,1994-12-13,Spain,Olympique Marseille,Ligue 1
Rubén Blanco,1995-07-25,Spain,Olympique Marseille,Ligue 1
Simon Ngapandouetnbu,2003-04-12,Cameroon,Olympique Marseille,Ligue 1
Chancel Mbemba,1994-08-08,DR Congo,Olympique Marseille,Ligue 1
Samuel Gigot,1993-10-12,France,Olympique Marseille,Ligue 1
Leonardo Balerdi,1999-01-26,Argentina,Olympique Marseille,Ligue 1
Isaak Touré,2003-03-28,France,Olympique Marseille,Ligue 1
Renan Lodi,1998-04-08,Brazil,Olympique Marseille,Ligue 1
Jordan Amavi,1994-03-09,France,Olympique Marseille,Ligue 1
Jonathan Clauss,1992-09-25,France,Olympique Marseille,Ligue 1
Pol Lirola,1997-08-13,Spain,Olympique Marseille,Ligue 1
Valentin Rongier,1994-12-07,France,Olympique Marseille,Ligue 1
Geoffrey Kondogbia,1993-02-15,Central African Republic,Olympique Marseille,Ligue 1
Pape Gueye,1999-01-24,Senegal,Olympique Marseille,Ligue 1
Mattéo Guendouzi,1999-04-14,France,Olympique Marseille,Ligue 1
Jordan Veretout,1993-03-01,France,Olympique Marseille,Ligue 1
Azzedine Ounahi,2000-04-19,Morocco,Olympique Marseille,Ligue 1
Ruslan Malinovskyi,1993-05-04,Ukraine,Olympique Marseille,Ligue 1
Amine Harit,1997-06-18,Morocco,Olympique Marseille,Ligue 1
Konrad de la Fuente,2001-07-16,United States,Olympique Marseille,Ligue 1
Cengiz Ünder,1997-07-14,Turkey,Olympique Marseille,Ligue 1
Ismaïla Sarr,1998-02-25,Senegal,Olympique Marseille,Ligue 1
François Mughe,2004-06-16,Cameroon,Olympique Marseille,Ligue 1
Vitinha,2000-03-15,Portugal,Olympique Marseille,Ligue 1
Iliman Ndiaye,2000-03-06,Senegal,Olympique Marseille,Ligue 1
Pierre-Emerick Aubameyang,1989-06-18,Gabon,Olympique Marseille,Ligue 1
Kasper Schmeichel,1986-11-05,Denmark,OGC Nice,Ligue 1
Marcin Bulka,1999-10-04,Poland,OGC Nice,Ligue 1
Teddy Boulhendi,2001-04-09,Algeria,OGC Nice,Ligue 1
Jean-Clair Todibo,1999-12-30,France,OGC Nice,Ligue 1
Youssouf Ndayishimiye,1998-10-27,Burundi,OGC Nice,Ligue 1
Dante,1983-10-18,Brazil,OGC Nice,Ligue 1
Melvin Bard,2000-11-06,France,OGC Nice,Ligue 1
Ayoub Amraoui,2004-05-14,Morocco,OGC Nice,Ligue 1
Jordan Lotomba,1998-09-29,Switzerland,OGC Nice,Ligue 1
Youcef Atal,1996-05-17,Algeria,OGC Nice,Ligue 1
Antoine Mendy,2004-05-27,France,OGC Nice,Ligue 1
Pablo Rosario,1997-01-07,Netherlands,OGC Nice,Ligue 1
Alexis Beka Beka,2001-03-29,France,OGC Nice,Ligue 1
Reda Belahyane,2004-06-01,France,OGC Nice,Ligue 1
Khéphren Thuram,2001-03-26,France,OGC Nice,Ligue 1
Hicham Boudaoui,1999-09-23,Algeria,OGC Nice,Ligue 1
Morgan Sanson,1994-08-18,France,OGC Nice,Ligue 1
Daouda Traoré,2006-07-22,France,OGC Nice,Ligue 1
Alexis Claude-Maurice,1998-06-06,France,OGC Nice,Ligue 1
Sofiane Diop,2000-06-09,France,OGC Nice,Ligue 1
Jérémie Boga,1997-01-03,Cote d'Ivoire,OGC Nice,Ligue 1
Billal Brahimi,2000-03-14,Algeria,OGC Nice,Ligue 1
Badredine Bouanani,2004-12-08,Algeria,OGC Nice,Ligue 1
Terem Moffi,1999-05-25,Nigeria,OGC Nice,Ligue 1
Gaëtan Laborde,1994-05-03,France,OGC Nice,Ligue 1
Evann Guessand,2001-07-01,France,OGC Nice,Ligue 1
Anthony Lopes,1990-10-01,Portugal,Olympique Lyon,Ligue 1
Rémy Riou,1987-08-06,France,Olympique Lyon,Ligue 1
Castello Lukeba,2002-12-17,France,Olympique Lyon,Ligue 1
Sinaly Diomandé,2001-04-09,Cote d'Ivoire,Olympique Lyon,Ligue 1
Dejan Lovren,1989-07-05,Croatia,Olympique Lyon,Ligue 1
Nicolás Tagliafico,1992-08-31,Argentina,Olympique Lyon,Ligue 1
Youssouf Koné,1995-07-05,Mali,Olympique Lyon,Ligue 1
Henrique Silva,1994-04-25,Brazil,Olympique Lyon,Ligue 1
Saël Kumbedi,2005-03-26,France,Olympique Lyon,Ligue 1
Clinton Mata,1992-11-07,Angola,Olympique Lyon,Ligue 1
Johann Lepenant,2002-10-22,France,Olympique Lyon,Ligue 1
Maxence Caqueret,2000-02-15,France,Olympique Lyon,Ligue 1
Corentin Tolisso,1994-08-03,France,Olympique Lyon,Ligue 1
Skelly Alvero,2002-05-04,France,Olympique Lyon,Ligue 1
Mohamed El Arouch,2004-04-06,France,Olympique Lyon,Ligue 1
Camilo,1999-02-23,Brazil,Olympique Lyon,Ligue 1
Rayan Cherki,2003-08-17,France,Olympique Lyon,Ligue 1
Jeff Reine-Adélaïde,1998-01-17,France,Olympique Lyon,Ligue 1
Karl Toko Ekambi,1992-09-14,Cameroon,Olympique Lyon,Ligue 1
Jeffinho,1999-12-30,Brazil,Olympique Lyon,Ligue 1
Bradley Barcola,2002-09-02,France,Olympique Lyon,Ligue 1
Alexandre Lacazette,1991-05-28,France,Olympique Lyon,Ligue 1
Amin Sarr,2001-03-11,Sweden,Olympique Lyon,Ligue 1
Tino Kadewere,1996-01-05,Zimbabwe,Olympique Lyon,Ligue 1
Lucas Chevalier,2001-11-06,France,LOSC Lille,Ligue 1
Adam Jakubech,1997-01-02,Slovakia,LOSC Lille,Ligue 1
Lisandru Olmeta,2005-07-21,France,LOSC Lille,Ligue 1
Tiago Djaló,2000-04-09,Portugal,LOSC Lille,Ligue 1
Leny Yoro,2005-11-13,France,LOSC Lille,Ligue 1
Alexsandro,1999-08-09,Brazil,LOSC Lille,Ligue 1
Samuel Umtiti,1993-11-14,France,LOSC Lille,Ligue 1
Gabriel Gudmundsson,1999-04-29,Sweden,LOSC Lille,Ligue 1
Ismaily,1990-01-11,Brazil,LOSC Lille,Ligue 1
Bafodé Diakité,2001-01-06,France,LOSC Lille,Ligue 1
Tiago Santos,2002-07-23,Portugal,LOSC Lille,Ligue 1
Akim Zedadka,1995-05-30,Algeria,LOSC Lille,Ligue 1
Benjamin André,1990-08-03,France,LOSC Lille,Ligue 1
Angel Gomes,2000-08-31,England,LOSC Lille,Ligue 1
Carlos Baleba,2004-01-03,Cameroon,LOSC Lille,Ligue 1
Yusuf Yazici,1997-01-29,Turkey,LOSC Lille,Ligue 1
Hákon Arnar Haraldsson,2003-04-10,Iceland,LOSC Lille,Ligue 1
Rémy Cabella,1990-03-08,France,LOSC Lille,Ligue 1
Alan Virginius,2003-01-03,France,LOSC Lille,Ligue 1
Aaron Malouda,2005-11-30,France,LOSC Lille,Ligue 1
Edon Zhegrova,1999-03-31,Kosovo,LOSC Lille,Ligue 1
Adam Ounas,1996-11-11,Algeria,LOSC Lille,Ligue 1
Jonathan David,2000-01-14,Canada,LOSC Lille,Ligue 1
Mohamed Bayo,1998-06-04,Guinea,LOSC Lille,Ligue 1
Brice Samba,1994-04-25,France,RC Lens,Ligue 1
Wuilker Fariñez,1998-02-15,Venezuela,RC Lens,Ligue 1
Jean-Louis Leca,1985-09-21,France,RC Lens,Ligue 1
Yannick Pandor,2001-05-01,Comoros,RC Lens,Ligue 1
Kevin Danso,1998-09-19,Austria,RC Lens,Ligue 1
Facundo Medina,1999-05-28,Argentina,RC Lens,Ligue 1
Jonathan Gradit,1992-11-24,France,RC Lens,Ligue 1
Abdukodir Khusanov,2004-02-29,Uzbekistan,RC Lens,Ligue 1
Deiver Machado,1993-09-02,Colombia,RC Lens,Ligue 1
Massadio Haidara,1992-12-02,Mali,RC Lens,Ligue 1
Julien Le Cardinal,1997-08-03,France,RC Lens,Ligue 1
Salis Abdul Samed,2000-03-26,Ghana,RC Lens,Ligue 1
Stijn Spierings,1996-03-12,Netherlands,RC Lens,Ligue 1
Lukasz Poreba,2000-03-13,Poland,RC Lens,Ligue 1
Andy Diouf,2003-05-17,France,RC Lens,Ligue 1
Neil El Aynaoui,2001-07-02,France,RC Lens,Ligue 1
Mamadou Camara,2002-10-15,Senegal,RC Lens,Ligue 1
Przemyslaw Frankowski,1995-04-12,Poland,RC Lens,Ligue 1
Jimmy Cabot,1994-04-18,France,RC Lens,Ligue 1
Angelo Fulgini,1996-08-20,France,RC Lens,Ligue 1
David Costa,2001-01-05,Portugal,RC Lens,Ligue 1
Adrien Thomasson,1993-12-10,France,RC Lens,Ligue 1
Nolan Bonte,2004-01-19,France,RC Lens,Ligue 1
Ayanda Sishuba,2005-02-02,Belgium,RC Lens,Ligue 1
Óscar Cortés,2003-12-03,Colombia,RC Lens,Ligue 1
Morgan Guilavogui,1998-03-10,Guinea,RC Lens,Ligue 1
Florian Sotoca,1990-10-25,France,RC Lens,Ligue 1
Wesley Saïd,1995-04-19,France,RC Lens,Ligue 1
Ibrahima Baldé,2003-01-17,France,RC Lens,Ligue 1
Benjamin Lecomte,1991-04-26,France,Montpellier HSC,Ligue 1
Dimitry Bertaud,1998-06-06,France,Montpellier HSC,Ligue 1
Belmin Dizdarevic,2001-08-09,Bosnia-Herzegovina,Montpellier HSC,Ligue 1
Maxime Estève,2002-05-26,France,Montpellier HSC,Ligue 1
Kiki Kouyaté,1997-04-15,Mali,Montpellier HSC,Ligue 1
Christopher Jullien,1993-03-22,France,Montpellier HSC,Ligue 1
Becir Omeragic,2002-01-20,Switzerland,Montpellier HSC,Ligue 1
Mamadou Sakho,1990-02-13,France,Montpellier HSC,Ligue 1
Issiaga Sylla,1994-01-01,Guinea,Montpellier HSC,Ligue 1
Théo Sainte-Luce,1998-10-20,France,Montpellier HSC,Ligue 1
Falaye Sacko,1995-05-01,Mali,Montpellier HSC,Ligue 1
Enzo Tchato,2002-11-23,Cameroon,Montpellier HSC,Ligue 1
Joris Chotard,2001-09-24,France,Montpellier HSC,Ligue 1
Gabriel Barès,2000-08-29,Switzerland,Montpellier HSC,Ligue 1
Jordan Ferri,1992-03-12,France,Montpellier HSC,Ligue 1
Khalil Fayad,2004-06-09,France,Montpellier HSC,Ligue 1
Léo Leroy,2000-02-14,France,Montpellier HSC,Ligue 1
Téji Savanier,1991-12-22,France,Montpellier HSC,Ligue 1
Sacha Delaye,2002-04-23,France,Montpellier HSC,Ligue 1
Arnaud Nordin,1998-06-17,France,Montpellier HSC,Ligue 1
Mousa Al-Tamari,1997-06-10,Jordan,Montpellier HSC,Ligue 1
Elye Wahi,2003-01-02,France,Montpellier HSC,Ligue 1
Wahbi Khazri,1991-02-08,Tunisia,Montpellier HSC,Ligue 1
Yanis Guermouche,2001-04-15,Algeria,Montpellier HSC,Ligue 1
Matz Sels,1992-02-26,Belgium,RC Strasbourg Alsace,Ligue 1
Alaa Bellaarouch,2002-02-01,Morocco,RC Strasbourg Alsace,Ligue 1
Alexandre Pierre,2001-02-25,Haiti,RC Strasbourg Alsace,Ligue 1
Abakar Sylla,2002-12-25,Cote d'Ivoire,RC Strasbourg Alsace,Ligue 1
Ismaël Doukouré,2003-07-24,France,RC Strasbourg Alsace,Ligue 1
Gerzino Nyamsi,1997-01-22,France,RC Strasbourg Alsace,Ligue 1
Lucas Perrin,1998-11-19,France,RC Strasbourg Alsace,Ligue 1
Steven Baseya,2005-01-14,France,RC Strasbourg Alsace,Ligue 1
Eduard Sobol,1995-04-20,Ukraine,RC Strasbourg Alsace,Ligue 1
Maxime Bastian,2001-05-09,France,RC Strasbourg Alsace,Ligue 1
Thomas Delaine,1992-03-24,France,RC Strasbourg Alsace,Ligue 1
Frédéric Guilbert,1994-12-24,France,RC Strasbourg Alsace,Ligue 1
Karol Fila,1998-06-13,Poland,RC Strasbourg Alsace,Ligue 1
Marvin Senaya,2001-01-28,France,RC Strasbourg Alsace,Ligue 1
Habib Diarra,2004-01-03,France,RC Strasbourg Alsace,Ligue 1
Ibrahima Sissoko,1997-10-27,France,RC Strasbourg Alsace,Ligue 1
Jean-Eudes Aholou,1994-03-20,Cote d'Ivoire,RC Strasbourg Alsace,Ligue 1
Jean-Ricner Bellegarde,1998-06-27,France,RC Strasbourg Alsace,Ligue 1
Sanjin Prcic,1993-11-20,Bosnia-Herzegovina,RC Strasbourg Alsace,Ligue 1
Jessy Deminguet,1998-01-07,France,RC Strasbourg Alsace,Ligue 1
Nordine Kandil,2001-10-31,Morocco,RC Strasbourg Alsace,Ligue 1
Mehdi Chahiri,1996-07-25,France,RC Strasbourg Alsace,Ligue 1
Habib Diallo,1995-06-18,Senegal,RC Strasbourg Alsace,Ligue 1
Emanuel Emegha,2003-02-03,Netherlands,RC Strasbourg Alsace,Ligue 1
Moïse Sahi Dion,2001-12-20,Cote d'Ivoire,RC Strasbourg Alsace,Ligue 1
Kévin Gameiro,1987-05-09,France,RC Strasbourg Alsace,Ligue 1
Lebo Mothiba,1996-01-28,South Africa,RC Strasbourg Alsace,Ligue 1
Manuel Neuer,1986-03-27,Germany,Bayern Munich,Bundesliga
Yann Sommer,1988-12-17,Switzerland,Bayern Munich,Bundesliga
Sven Ulreich,1988-08-03,Germany,Bayern Munich,Bundesliga
Matthijs de Ligt,1999-08-12,Netherlands,Bayern Munich,Bundesliga
Dayot Upamecano,1998-10-27,France,Bayern Munich,Bundesliga
Min-jae Kim,1996-11-15,"Korea, South",Bayern Munich,Bundesliga
Tarek Buchmann,2005-02-28,Germany,Bayern Munich,Bundesliga
Alphonso Davies,2000-11-02,Canada,Bayern Munich,Bundesliga
Raphaël Guerreiro,1993-12-22,Portugal,Bayern Munich,Bundesliga
Benjamin Pavard,1996-03-28,France,Bayern Munich,Bundesliga
Noussair Mazraoui,1997-11-14,Morocco,Bayern Munich,Bundesliga
Josip Stanisic,2000-04-02,Croatia,Bayern Munich,Bundesliga
Bouna Sarr,1992-01-31,Senegal,Bayern Munich,Bundesliga
Joshua Kimmich,1995-02-08,Germany,Bayern Munich,Bundesliga
Leon Goretzka,1995-02-06,Germany,Bayern Munich,Bundesliga
Ryan Gravenberch,2002-05-16,Netherlands,Bayern Munich,Bundesliga
Konrad Laimer,1997-05-27,Austria,Bayern Munich,Bundesliga
Jamal Musiala,2003-02-26,Germany,Bayern Munich,Bundesliga
Malik Tillman,2002-05-28,United States,Bayern Munich,Bundesliga
Paul Wanner,2005-12-23,Germany,Bayern Munich,Bundesliga
Arijon Ibrahimovic,2005-12-11,Germany,Bayern Munich,Bundesliga
Kingsley Coman,1996-06-13,France,Bayern Munich,Bundesliga
Gabriel Vidovic,2003-12-01,Croatia,Bayern Munich,Bundesliga
Leroy Sané,1996-01-11,Germany,Bayern Munich,Bundesliga
Serge Gnabry,1995-07-14,Germany,Bayern Munich,Bundesliga
Thomas Müller,1989-09-13,Germany,Bayern Munich,Bundesliga
Mathys Tel,2005-04-27,France,Bayern Munich,Bundesliga
Eric Maxim Choupo-Moting,1989-03-23,Cameroon,Bayern Munich,Bundesliga
Péter Gulácsi,1990-05-06,Hungary,RB Leipzig,Bundesliga
Janis Blaswich,1991-05-02,Germany,RB Leipzig,Bundesliga
Leopold Zingerle,1994-04-10,Germany,RB Leipzig,Bundesliga
Timo Schlieck,2006-03-02,Germany,RB Leipzig,Bundesliga
Josko Gvardiol,2002-01-23,Croatia,RB Leipzig,Bundesliga
Mohamed Simakan,2000-05-03,France,RB Leipzig,Bundesliga
Willi Orbán,1992-11-03,Hungary,RB Leipzig,Bundesliga
El Chadaille Bitshiabu,2005-05-16,France,RB Leipzig,Bundesliga
David Raum,1998-04-22,Germany,RB Leipzig,Bundesliga
Benjamin Henrichs,1997-02-23,Germany,RB Leipzig,Bundesliga
Lukas Klostermann,1996-06-03,Germany,RB Leipzig,Bundesliga
Xaver Schlager,1997-09-28,Austria,RB Leipzig,Bundesliga
Nicolas Seiwald,2001-05-04,Austria,RB Leipzig,Bundesliga
Amadou Haidara,1998-01-31,Mali,RB Leipzig,Bundesliga
Ilaix Moriba,2003-01-19,Guinea,RB Leipzig,Bundesliga
Kevin Kampl,1990-10-09,Slovenia,RB Leipzig,Bundesliga
Dani Olmo,1998-05-07,Spain,RB Leipzig,Bundesliga
Xavi Simons,2003-04-21,Netherlands,RB Leipzig,Bundesliga
Christoph Baumgartner,1999-08-01,Austria,RB Leipzig,Bundesliga
Fábio Carvalho,2002-08-30,Portugal,RB Leipzig,Bundesliga
Emil Forsberg,1991-10-23,Sweden,RB Leipzig,Bundesliga
Caden Clark,2003-05-27,United States,RB Leipzig,Bundesliga
Hugo Novoa,2003-01-24,Spain,RB Leipzig,Bundesliga
Loïs Openda,2000-02-16,Belgium,RB Leipzig,Bundesliga
Timo Werner,1996-03-06,Germany,RB Leipzig,Bundesliga
Benjamin Sesko,2003-05-31,Slovenia,RB Leipzig,Bundesliga
André Silva,1995-11-06,Portugal,RB Leipzig,Bundesliga
Yussuf Poulsen,1994-06-15,Denmark,RB Leipzig,Bundesliga
Gregor Kobel,1997-12-06,Switzerland,Borussia Dortmund,Bundesliga
Marcel Lotka,2001-05-25,Germany,Borussia Dortmund,Bundesliga
Alexander Meyer,1991-04-13,Germany,Borussia Dortmund,Bundesliga
Silas Ostrzinski,2003-11-19,Germany,Borussia Dortmund,Bundesliga
Nico Schlotterbeck,1999-12-01,Germany,Borussia Dortmund,Bundesliga
Niklas Süle,1995-09-03,Germany,Borussia Dortmund,Bundesliga
Mats Hummels,1988-12-16,Germany,Borussia Dortmund,Bundesliga
Soumaïla Coulibaly,2003-10-14,France,Borussia Dortmund,Bundesliga
Antonios Papadopoulos,1999-09-10,Germany,Borussia Dortmund,Bundesliga
Ramy Bensebaini,1995-04-16,Algeria,Borussia Dortmund,Bundesliga
Julian Ryerson,1997-11-17,Norway,Borussia Dortmund,Bundesliga
Marius Wolf,1995-05-27,Germany,Borussia Dortmund,Bundesliga
Thomas Meunier,1991-09-12,Belgium,Borussia Dortmund,Bundesliga
Mateu Morey Bauzà,2000-03-02,Spain,Borussia Dortmund,Bundesliga
Emre Can,1994-01-12,Germany,Borussia Dortmund,Bundesliga
Salih Özcan,1998-01-11,Turkey,Borussia Dortmund,Bundesliga
Abdoulaye Kamara,2004-11-06,France,Borussia Dortmund,Bundesliga
Marcel Sabitzer,1994-03-17,Austria,Borussia Dortmund,Bundesliga
Felix Nmecha,2000-10-10,Germany,Borussia Dortmund,Bundesliga
Ole Pohlmann,2001-04-05,Germany,Borussia Dortmund,Bundesliga
Julian Brandt,1996-05-02,Germany,Borussia Dortmund,Bundesliga
Giovanni Reyna,2002-11-13,United States,Borussia Dortmund,Bundesliga
Marco Reus,1989-05-31,Germany,Borussia Dortmund,Bundesliga
Karim Adeyemi,2002-01-18,Germany,Borussia Dortmund,Bundesliga
Jamie Bynoe-Gittens,2004-08-08,England,Borussia Dortmund,Bundesliga
Thorgan Hazard,1993-03-29,Belgium,Borussia Dortmund,Bundesliga
Donyell Malen,1999-01-19,Netherlands,Borussia Dortmund,Bundesliga
Julien Duranville,2006-05-05,Belgium,Borussia Dortmund,Bundesliga
Sébastien Haller,1994-06-22,Cote d'Ivoire,Borussia Dortmund,Bundesliga
Youssoufa Moukoko,2004-11-20,Germany,Borussia Dortmund,Bundesliga
Lukas Hradecky,1989-11-24,Finland,Bayer 04 Leverkusen,Bundesliga
Patrick Pentz,1997-01-02,Austria,Bayer 04 Leverkusen,Bundesliga
Niklas Lomb,1993-07-28,Germany,Bayer 04 Leverkusen,Bundesliga
Piero Hincapié,2002-01-09,Ecuador,Bayer 04 Leverkusen,Bundesliga
Edmond Tapsoba,1999-02-02,Burkina Faso,Bayer 04 Leverkusen,Bundesliga
Jonathan Tah,1996-02-11,Germany,Bayer 04 Leverkusen,Bundesliga
Odilon Kossounou,2001-01-04,Cote d'Ivoire,Bayer 04 Leverkusen,Bundesliga
Madi Monamay,2006-04-06,Belgium,Bayer 04 Leverkusen,Bundesliga
Alejandro Grimaldo,1995-09-20,Spain,Bayer 04 Leverkusen,Bundesliga
Jeremie Frimpong,2000-12-10,Netherlands,Bayer 04 Leverkusen,Bundesliga
Arthur,2003-03-17,Brazil,Bayer 04 Leverkusen,Bundesliga
Timothy Fosu-Mensah,1998-01-02,Netherlands,Bayer 04 Leverkusen,Bundesliga
Granit Xhaka,1992-09-27,Switzerland,Bayer 04 Leverkusen,Bundesliga
Noah Mbamba,2005-01-05,Belgium,Bayer 04 Leverkusen,Bundesliga
Joshua Eze,2003-03-20,Germany,Bayer 04 Leverkusen,Bundesliga
Exequiel Palacios,1998-10-05,Argentina,Bayer 04 Leverkusen,Bundesliga
Robert Andrich,1994-09-22,Germany,Bayer 04 Leverkusen,Bundesliga
Nadiem Amiri,1996-10-27,Germany,Bayer 04 Leverkusen,Bundesliga
Gustavo Puerta,2003-07-23,Colombia,Bayer 04 Leverkusen,Bundesliga
Florian Wirtz,2003-05-03,Germany,Bayer 04 Leverkusen,Bundesliga
Ayman Aourir,2004-10-06,Germany,Bayer 04 Leverkusen,Bundesliga
Amine Adli,2000-05-10,France,Bayer 04 Leverkusen,Bundesliga
Jonas Hofmann,1992-07-14,Germany,Bayer 04 Leverkusen,Bundesliga
Patrik Schick,1996-01-24,Czech Republic,Bayer 04 Leverkusen,Bundesliga
Adam Hlozek,2002-07-25,Czech Republic,Bayer 04 Leverkusen,Bundesliga
Sardar Azmoun,1995-01-01,Iran,Bayer 04 Leverkusen,Bundesliga
Victor Boniface,2000-12-23,Nigeria,Bayer 04 Leverkusen,Bundesliga
Kevin Trapp,1990-07-08,Germany,Eintracht Frankfurt,Bundesliga
Diant Ramaj,2001-09-19,Germany,Eintracht Frankfurt,Bundesliga
Jens Grahl,1988-09-22,Germany,Eintracht Frankfurt,Bundesliga
Simon Simoni,2004-07-14,Albania,Eintracht Frankfurt,Bundesliga
Robin Koch,1996-07-17,Germany,Eintracht Frankfurt,Bundesliga
Tuta,1999-07-04,Brazil,Eintracht Frankfurt,Bundesliga
Willian Pacho,2001-10-16,Ecuador,Eintracht Frankfurt,Bundesliga
Hrvoje Smolcic,2000-08-17,Croatia,Eintracht Frankfurt,Bundesliga
Jérôme Onguéné,1997-12-22,Cameroon,Eintracht Frankfurt,Bundesliga
Makoto Hasebe,1984-01-18,Japan,Eintracht Frankfurt,Bundesliga
Dario Gebuhr,2003-05-06,Germany,Eintracht Frankfurt,Bundesliga
Davis Bautista,2005-02-16,Ecuador,Eintracht Frankfurt,Bundesliga
Philipp Max,1993-09-30,Germany,Eintracht Frankfurt,Bundesliga
Christopher Lenz,1994-09-22,Germany,Eintracht Frankfurt,Bundesliga
Aurélio Buta,1997-02-10,Portugal,Eintracht Frankfurt,Bundesliga
Timothy Chandler,1990-03-29,United States,Eintracht Frankfurt,Bundesliga
Ellyes Skhiri,1995-05-10,Tunisia,Eintracht Frankfurt,Bundesliga
Kristijan Jakic,1997-05-14,Croatia,Eintracht Frankfurt,Bundesliga
Djibril Sow,1997-02-06,Switzerland,Eintracht Frankfurt,Bundesliga
Junior Dina Ebimbe,2000-11-21,France,Eintracht Frankfurt,Bundesliga
Hugo Larsson,2004-06-27,Sweden,Eintracht Frankfurt,Bundesliga
Sebastian Rode,1990-10-11,Germany,Eintracht Frankfurt,Bundesliga
Marcel Wenig,2004-05-04,Germany,Eintracht Frankfurt,Bundesliga
Mehdi Loune,2004-05-14,Germany,Eintracht Frankfurt,Bundesliga
Harpreet Ghotra,2003-01-17,Germany,Eintracht Frankfurt,Bundesliga
Jesper Lindström,2000-02-29,Denmark,Eintracht Frankfurt,Bundesliga
Mario Götze,1992-06-03,Germany,Eintracht Frankfurt,Bundesliga
Paxten Aaronson,2003-08-26,United States,Eintracht Frankfurt,Bundesliga
Faride Alidou,2001-07-18,Germany,Eintracht Frankfurt,Bundesliga
Jens Petter Hauge,1999-10-12,Norway,Eintracht Frankfurt,Bundesliga
Ansgar Knauff,2002-01-10,Germany,Eintracht Frankfurt,Bundesliga
Randal Kolo Muani,1998-12-05,France,Eintracht Frankfurt,Bundesliga
Rafael Borré,1995-09-15,Colombia,Eintracht Frankfurt,Bundesliga
Omar Marmoush,1999-02-07,Egypt,Eintracht Frankfurt,Bundesliga
Jessic Ngankam,2000-07-20,Germany,Eintracht Frankfurt,Bundesliga
Lucas Alario,1992-10-08,Argentina,Eintracht Frankfurt,Bundesliga
Igor Matanovic,2003-03-31,Croatia,Eintracht Frankfurt,Bundesliga
Ali Akman,2002-04-18,Turkey,Eintracht Frankfurt,Bundesliga
Nacho Ferri,2004-10-05,Spain,Eintracht Frankfurt,Bundesliga
Noel Futkeu,2002-12-06,Germany,Eintracht Frankfurt,Bundesliga
Koen Casteels,1992-06-25,Belgium,VfL Wolfsburg,Bundesliga
Pavao Pervan,1987-11-13,Austria,VfL Wolfsburg,Bundesliga
Philipp Schulze,2003-01-29,Germany,VfL Wolfsburg,Bundesliga
Niklas Klinger,1995-10-13,Germany,VfL Wolfsburg,Bundesliga
Micky van de Ven,2001-04-19,Netherlands,VfL Wolfsburg,Bundesliga
Maxence Lacroix,2000-04-06,France,VfL Wolfsburg,Bundesliga
Sebastiaan Bornauw,1999-03-22,Belgium,VfL Wolfsburg,Bundesliga
Moritz Jenz,1999-04-30,Germany,VfL Wolfsburg,Bundesliga
Cédric Zesiger,1998-06-24,Switzerland,VfL Wolfsburg,Bundesliga
Felix Lange,2004-03-13,Germany,VfL Wolfsburg,Bundesliga
Nicolas Cozza,1999-01-08,France,VfL Wolfsburg,Bundesliga
Ridle Baku,1998-04-08,Germany,VfL Wolfsburg,Bundesliga
Kilian Fischer,2000-10-12,Germany,VfL Wolfsburg,Bundesliga
Bartol Franjic,2000-01-14,Croatia,VfL Wolfsburg,Bundesliga
Mattias Svanberg,1999-01-05,Sweden,VfL Wolfsburg,Bundesliga
Maximilian Arnold,1994-05-27,Germany,VfL Wolfsburg,Bundesliga
Aster Vranckx,2002-10-04,Belgium,VfL Wolfsburg,Bundesliga
Yannick Gerhardt,1994-03-13,Germany,VfL Wolfsburg,Bundesliga
Kevin Paredes,2003-05-07,United States,VfL Wolfsburg,Bundesliga
Lukas Ambros,2004-06-05,Czech Republic,VfL Wolfsburg,Bundesliga
Jakub Kaminski,2002-06-05,Poland,VfL Wolfsburg,Bundesliga
Ulysses Llanez,2001-04-02,United States,VfL Wolfsburg,Bundesliga
Patrick Wimmer,2001-05-30,Austria,VfL Wolfsburg,Bundesliga
Vaclav Cerny,1997-10-17,Czech Republic,VfL Wolfsburg,Bundesliga
Maximilian Philipp,1994-03-01,Germany,VfL Wolfsburg,Bundesliga
Jonas Wind,1999-02-07,Denmark,VfL Wolfsburg,Bundesliga
Lukas Nmecha,1998-12-14,Germany,VfL Wolfsburg,Bundesliga
Tiago Tomás,2002-06-16,Portugal,VfL Wolfsburg,Bundesliga
Dzenan Pejcinovic,2005-02-15,Germany,VfL Wolfsburg,Bundesliga
Jonas Omlin,1994-01-10,Switzerland,Borussia Mönchengladbach,Bundesliga
Jan Olschowsky,2001-11-18,Germany,Borussia Mönchengladbach,Bundesliga
Tobias Sippel,1988-03-22,Germany,Borussia Mönchengladbach,Bundesliga
Moritz Nicolas,1997-10-21,Germany,Borussia Mönchengladbach,Bundesliga
Maximilian Brüll,2002-08-26,Germany,Borussia Mönchengladbach,Bundesliga
Nico Elvedi,1996-09-30,Switzerland,Borussia Mönchengladbach,Bundesliga
Maximilian Wöber,1998-02-04,Austria,Borussia Mönchengladbach,Bundesliga
Ko Itakura,1997-01-27,Japan,Borussia Mönchengladbach,Bundesliga
Marvin Friedrich,1995-12-13,Germany,Borussia Mönchengladbach,Bundesliga
Fabio Chiarodia,2005-06-05,Italy,Borussia Mönchengladbach,Bundesliga
Tony Jantschke,1990-04-07,Germany,Borussia Mönchengladbach,Bundesliga
Mamadou Doucouré,1998-05-21,France,Borussia Mönchengladbach,Bundesliga
Luca Netz,2003-05-15,Germany,Borussia Mönchengladbach,Bundesliga
Lukas Ullrich,2004-03-16,Germany,Borussia Mönchengladbach,Bundesliga
Joe Scally,2002-12-31,United States,Borussia Mönchengladbach,Bundesliga
Stefan Lainer,1992-08-27,Austria,Borussia Mönchengladbach,Bundesliga
Simon Walde,2005-01-04,Germany,Borussia Mönchengladbach,Bundesliga
Julian Weigl,1995-09-08,Germany,Borussia Mönchengladbach,Bundesliga
Christoph Kramer,1991-02-19,Germany,Borussia Mönchengladbach,Bundesliga
Manu Koné,2001-05-17,France,Borussia Mönchengladbach,Bundesliga
Florian Neuhaus,1997-03-16,Germany,Borussia Mönchengladbach,Bundesliga
Oscar Fraulo,2003-12-06,Denmark,Borussia Mönchengladbach,Bundesliga
Rocco Reitz,2002-05-29,Germany,Borussia Mönchengladbach,Bundesliga
Robin Hack,1998-08-27,Germany,Borussia Mönchengladbach,Bundesliga
Hannes Wolf,1999-04-16,Austria,Borussia Mönchengladbach,Bundesliga
Yvandro Borges Sanches,2004-05-24,Luxembourg,Borussia Mönchengladbach,Bundesliga
Franck Honorat,1996-08-11,France,Borussia Mönchengladbach,Bundesliga
Nathan Ngoumou,2000-03-14,France,Borussia Mönchengladbach,Bundesliga
Patrick Herrmann,1991-02-12,Germany,Borussia Mönchengladbach,Bundesliga
Alassane Plea,1993-03-10,France,Borussia Mönchengladbach,Bundesliga
Tomas Cvancara,2000-08-13,Czech Republic,Borussia Mönchengladbach,Bundesliga
Grant-Leon Ranos,2003-07-20,Armenia,Borussia Mönchengladbach,Bundesliga
Semir Telalovic,1999-12-23,Germany,Borussia Mönchengladbach,Bundesliga
Frederik Rönnow,1992-08-04,Denmark,1.FC Union Berlin,Bundesliga
Alexander Schwolow,1992-06-02,Germany,1.FC Union Berlin,Bundesliga
Jakob Busk,1993-09-12,Denmark,1.FC Union Berlin,Bundesliga
Yannic Stein,2004-09-17,Germany,1.FC Union Berlin,Bundesliga
Danilho Doekhi,1998-06-30,Netherlands,1.FC Union Berlin,Bundesliga
Diogo Leite,1999-01-23,Portugal,1.FC Union Berlin,Bundesliga
Paul Jaeckel,1998-07-22,Germany,1.FC Union Berlin,Bundesliga
Robin Knoche,1992-05-22,Germany,1.FC Union Berlin,Bundesliga
Dominique Heintz,1993-08-15,Germany,1.FC Union Berlin,Bundesliga
Mathis Bruns,2004-03-31,Germany,1.FC Union Berlin,Bundesliga
Jérôme Roussillon,1993-01-06,Guadeloupe,1.FC Union Berlin,Bundesliga
Josip Juranovic,1995-08-16,Croatia,1.FC Union Berlin,Bundesliga
Christopher Trimmel,1987-02-24,Austria,1.FC Union Berlin,Bundesliga
Rani Khedira,1994-01-27,Germany,1.FC Union Berlin,Bundesliga
Lucas Tousart,1997-04-29,France,1.FC Union Berlin,Bundesliga
Alex Kral,1998-05-19,Czech Republic,1.FC Union Berlin,Bundesliga
Aljoscha Kemlein,2004-08-02,Germany,1.FC Union Berlin,Bundesliga
Janik Haberer,1994-04-02,Germany,1.FC Union Berlin,Bundesliga
Aïssa Laïdouni,1996-12-13,Tunisia,1.FC Union Berlin,Bundesliga
András Schäfer,1999-04-13,Hungary,1.FC Union Berlin,Bundesliga
Laurenz Dehl,2001-12-12,Germany,1.FC Union Berlin,Bundesliga
Brenden Aaronson,2000-10-22,United States,1.FC Union Berlin,Bundesliga
Milos Pantovic,1996-07-07,Serbia,1.FC Union Berlin,Bundesliga
Tim Skarke,1996-09-07,Germany,1.FC Union Berlin,Bundesliga
Sheraldo Becker,1995-02-09,Suriname,1.FC Union Berlin,Bundesliga
David-Datro Fofana,2002-12-22,Cote d'Ivoire,1.FC Union Berlin,Bundesliga
Jordan,1996-04-26,United States,1.FC Union Berlin,Bundesliga
Mikkel Kaufmann,2001-01-03,Denmark,1.FC Union Berlin,Bundesliga
Kevin Behrens,1991-02-03,Germany,1.FC Union Berlin,Bundesliga
Benedict Hollerbach,2001-05-17,Germany,1.FC Union Berlin,Bundesliga
Malick Sanogo,2004-06-30,United States,1.FC Union Berlin,Bundesliga
Noah Atubolu,2002-05-25,Germany,SC Freiburg,Bundesliga
Florian Müller,1997-11-13,Germany,SC Freiburg,Bundesliga
Benjamin Uphoff,1993-08-08,Germany,SC Freiburg,Bundesliga
Philipp Lienhart,1996-07-11,Austria,SC Freiburg,Bundesliga
Matthias Ginter,1994-01-19,Germany,SC Freiburg,Bundesliga
Kenneth Schmidt,2002-06-03,Germany,SC Freiburg,Bundesliga
Keven Schlotterbeck,1997-04-28,Germany,SC Freiburg,Bundesliga
Manuel Gulde,1991-02-12,Germany,SC Freiburg,Bundesliga
Max Rosenfelder,2003-02-10,Germany,SC Freiburg,Bundesliga
Christian Günter,1993-02-28,Germany,SC Freiburg,Bundesliga
Jordy Makengo,2001-08-03,France,SC Freiburg,Bundesliga
Kiliann Sildillia,2002-05-16,France,SC Freiburg,Bundesliga
Lukas Kübler,1992-08-30,Germany,SC Freiburg,Bundesliga
Yannik Keitel,2000-02-15,Germany,SC Freiburg,Bundesliga
Nicolas Höfler,1990-03-09,Germany,SC Freiburg,Bundesliga
Maximilian Eggestein,1996-12-08,Germany,SC Freiburg,Bundesliga
Merlin Röhl,2002-07-05,Germany,SC Freiburg,Bundesliga
Daniel-Kofi Kyereh,1996-03-08,Ghana,SC Freiburg,Bundesliga
Vincenzo Grifo,1993-04-07,Italy,SC Freiburg,Bundesliga
Noah Weißhaupt,2001-09-20,Germany,SC Freiburg,Bundesliga
Ritsu Doan,1998-06-16,Japan,SC Freiburg,Bundesliga
Roland Sallai,1997-05-22,Hungary,SC Freiburg,Bundesliga
Junior Adamu,2001-06-06,Austria,SC Freiburg,Bundesliga
Michael Gregoritsch,1994-04-18,Austria,SC Freiburg,Bundesliga
Lucas Höler,1994-07-10,Germany,SC Freiburg,Bundesliga
Alexander Nübel,1996-09-30,Germany,VfB Stuttgart,Bundesliga
Fabian Bredlow,1995-03-02,Germany,VfB Stuttgart,Bundesliga
Dennis Seimen,2005-12-01,Germany,VfB Stuttgart,Bundesliga
Florian Schock,2001-05-22,Germany,VfB Stuttgart,Bundesliga
Konstantinos Mavropanos,1997-12-11,Greece,VfB Stuttgart,Bundesliga
Hiroki Ito,1999-05-12,Japan,VfB Stuttgart,Bundesliga
Waldemar Anton,1996-07-20,Germany,VfB Stuttgart,Bundesliga
Dan-Axel Zagadou,1999-06-03,France,VfB Stuttgart,Bundesliga
Clinton Mola,2001-03-15,England,VfB Stuttgart,Bundesliga
Borna Sosa,1998-01-21,Croatia,VfB Stuttgart,Bundesliga
Maximilian Mittelstädt,1997-03-18,Germany,VfB Stuttgart,Bundesliga
Josha Vagnoman,2000-12-11,Germany,VfB Stuttgart,Bundesliga
Pascal Stenzel,1996-03-20,Germany,VfB Stuttgart,Bundesliga
Wataru Endo,1993-02-09,Japan,VfB Stuttgart,Bundesliga
Atakan Karazor,1996-10-13,Germany,VfB Stuttgart,Bundesliga
Enzo Millot,2002-07-17,France,VfB Stuttgart,Bundesliga
Nikolas Nartey,2000-02-22,Denmark,VfB Stuttgart,Bundesliga
Roberto Massimo,2000-10-12,Germany,VfB Stuttgart,Bundesliga
Woo-yeong Jeong,1999-09-20,"Korea, South",VfB Stuttgart,Bundesliga
Lilian Egloff,2002-08-20,Germany,VfB Stuttgart,Bundesliga
Genki Haraguchi,1991-05-09,Japan,VfB Stuttgart,Bundesliga
Laurin Ulrich,2005-01-31,Germany,VfB Stuttgart,Bundesliga
Momo Cissé,2002-10-17,Guinea,VfB Stuttgart,Bundesliga
Silas,1998-10-06,DR Congo,VfB Stuttgart,Bundesliga
Gil Dias,1996-09-28,Portugal,VfB Stuttgart,Bundesliga
Chris Führich,1998-01-09,Germany,VfB Stuttgart,Bundesliga
Jamie Leweling,2001-02-26,Germany,VfB Stuttgart,Bundesliga
Serhou Guirassy,1996-03-12,Guinea,VfB Stuttgart,Bundesliga
Juan José Perea,2000-02-23,Colombia,VfB Stuttgart,Bundesliga
Luca Pfeiffer,1996-08-20,Germany,VfB Stuttgart,Bundesliga
Thomas Kastanaras,2003-01-09,Germany,VfB Stuttgart,Bundesliga
Mohamed Sankoh,2003-10-16,Netherlands,VfB Stuttgart,Bundesliga
Jovan Milosevic,2005-07-31,Serbia,VfB Stuttgart,Bundesliga
Alex Meret,1997-03-22,Italy,SSC Napoli,Serie A
Pierluigi Gollini,1995-03-18,Italy,SSC Napoli,Serie A
Nikita Contini,1996-05-21,Italy,SSC Napoli,Serie A
Hubert Idasiak,2002-02-03,Poland,SSC Napoli,Serie A
Amir Rrahmani,1994-02-24,Kosovo,SSC Napoli,Serie A
Leo Østigård,1999-11-28,Norway,SSC Napoli,Serie A
Juan Jesus,1991-06-10,Brazil,SSC Napoli,Serie A
Nosa Edward Obaretin,2003-01-26,Italy,SSC Napoli,Serie A
Mathías Olivera,1997-10-31,Uruguay,SSC Napoli,Serie A
Mário Rui,1991-05-27,Portugal,SSC Napoli,Serie A
Giovanni Di Lorenzo,1993-08-04,Italy,SSC Napoli,Serie A
Alessandro Zanoli,2000-10-03,Italy,SSC Napoli,Serie A
Stanislav Lobotka,1994-11-25,Slovakia,SSC Napoli,Serie A
Diego Demme,1991-11-21,Germany,SSC Napoli,Serie A
Frank Anguissa,1995-11-16,Cameroon,SSC Napoli,Serie A
Piotr Zielinski,1994-05-20,Poland,SSC Napoli,Serie A
Eljif Elmas,1999-09-24,North Macedonia,SSC Napoli,Serie A
Michael Folorunsho,1998-02-07,Italy,SSC Napoli,Serie A
Coli Saco,2002-05-15,Mali,SSC Napoli,Serie A
Karim Zedadka,2000-06-09,Algeria,SSC Napoli,Serie A
Gianluca Gaetano,2000-05-05,Italy,SSC Napoli,Serie A
Khvicha Kvaratskhelia,2001-02-12,Georgia,SSC Napoli,Serie A
Alessio Zerbin,1999-03-03,Italy,SSC Napoli,Serie A
Antonio Cioffi,2002-12-19,Italy,SSC Napoli,Serie A
Hirving Lozano,1995-07-30,Mexico,SSC Napoli,Serie A
Matteo Politano,1993-08-03,Italy,SSC Napoli,Serie A
Giacomo Raspadori,2000-02-18,Italy,SSC Napoli,Serie A
Victor Osimhen,1998-12-29,Nigeria,SSC Napoli,Serie A
Giovanni Simeone,1995-07-05,Argentina,SSC Napoli,Serie A
Mike Maignan,1995-07-03,France,AC Milan,Serie A
Marco Sportiello,1992-05-10,Italy,AC Milan,Serie A
Devis Vásquez,1998-05-12,Colombia,AC Milan,Serie A
Andreas Jungdal,2002-02-22,Denmark,AC Milan,Serie A
Antonio Mirante,1983-07-08,Italy,AC Milan,Serie A
Fikayo Tomori,1997-12-19,England,AC Milan,Serie A
Pierre Kalulu,2000-06-05,France,AC Milan,Serie A
Malick Thiaw,2001-08-08,Germany,AC Milan,Serie A
Simon Kjaer,1989-03-26,Denmark,AC Milan,Serie A
Mattia Caldara,1994-05-05,Italy,AC Milan,Serie A
Theo Hernández,1997-10-06,France,AC Milan,Serie A
Fodé Ballo-Touré,1997-01-03,Senegal,AC Milan,Serie A
Davide Calabria,1996-12-06,Italy,AC Milan,Serie A
Alessandro Florenzi,1991-03-11,Italy,AC Milan,Serie A
Ismaël Bennacer,1997-12-01,Algeria,AC Milan,Serie A
Ruben Loftus-Cheek,1996-01-23,England,AC Milan,Serie A
Tijjani Reijnders,1998-07-29,Netherlands,AC Milan,Serie A
Tommaso Pobega,1999-07-15,Italy,AC Milan,Serie A
Rade Krunic,1993-10-07,Bosnia-Herzegovina,AC Milan,Serie A
Charles De Ketelaere,2001-03-10,Belgium,AC Milan,Serie A
Yacine Adli,2000-07-29,France,AC Milan,Serie A
Rafael Leão,1999-06-10,Portugal,AC Milan,Serie A
Chaka Traorè,2004-12-23,Cote d'Ivoire,AC Milan,Serie A
Christian Pulisic,1998-09-18,United States,AC Milan,Serie A
Samuel Chukwueze,1999-05-22,Nigeria,AC Milan,Serie A
Alexis Saelemaekers,1999-06-27,Belgium,AC Milan,Serie A
Junior Messias,1991-05-13,Brazil,AC Milan,Serie A
Luka Romero,2004-11-18,Argentina,AC Milan,Serie A
Noah Okafor,2000-05-24,Switzerland,AC Milan,Serie A
Divock Origi,1995-04-18,Belgium,AC Milan,Serie A
Lorenzo Colombo,2002-03-08,Italy,AC Milan,Serie A
Olivier Giroud,1986-09-30,France,AC Milan,Serie A
Marko Lazetic,2004-01-22,Serbia,AC Milan,Serie A
Wojciech Szczesny,1990-04-18,Poland,Juventus FC,Serie A
Mattia Perin,1992-11-10,Italy,Juventus FC,Serie A
Carlo Pinsoglio,1990-03-16,Italy,Juventus FC,Serie A
Bremer,1997-03-18,Brazil,Juventus FC,Serie A
Danilo,1991-07-15,Brazil,Juventus FC,Serie A
Federico Gatti,1998-06-24,Italy,Juventus FC,Serie A
Koni De Winter,2002-06-12,Belgium,Juventus FC,Serie A
Daniele Rugani,1994-07-29,Italy,Juventus FC,Serie A
Leonardo Bonucci,1987-05-01,Italy,Juventus FC,Serie A
Andrea Cambiaso,2000-02-20,Italy,Juventus FC,Serie A
Luca Pellegrini,1999-03-07,Italy,Juventus FC,Serie A
Alex Sandro,1991-01-26,Brazil,Juventus FC,Serie A
Gianluca Frabotta,1999-06-24,Italy,Juventus FC,Serie A
Mattia De Sciglio,1992-10-20,Italy,Juventus FC,Serie A
Manuel Locatelli,1998-01-08,Italy,Juventus FC,Serie A
Denis Zakaria,1996-11-20,Switzerland,Juventus FC,Serie A
Nicolò Rovella,2001-12-04,Italy,Juventus FC,Serie A
Enzo Barrenechea,2001-05-22,Argentina,Juventus FC,Serie A
Adrien Rabiot,1995-04-03,France,Juventus FC,Serie A
Nicolò Fagioli,2001-02-12,Italy,Juventus FC,Serie A
Weston McKennie,1998-08-28,United States,Juventus FC,Serie A
Paul Pogba,1993-03-15,France,Juventus FC,Serie A
Fabio Miretti,2003-08-03,Italy,Juventus FC,Serie A
Hans Nicolussi Caviglia,2000-06-18,Italy,Juventus FC,Serie A
Filip Kostic,1992-11-01,Serbia,Juventus FC,Serie A
Federico Chiesa,1997-10-25,Italy,Juventus FC,Serie A
Samuel Iling Junior,2003-10-04,England,Juventus FC,Serie A
Marley Aké,2001-01-05,France,Juventus FC,Serie A
Marko Pjaca,1995-05-06,Croatia,Juventus FC,Serie A
Timothy Weah,2000-02-22,United States,Juventus FC,Serie A
Matías Soulé,2003-04-15,Argentina,Juventus FC,Serie A
Dusan Vlahovic,2000-01-28,Serbia,Juventus FC,Serie A
Moise Kean,2000-02-28,Italy,Juventus FC,Serie A
Arkadiusz Milik,1994-02-28,Poland,Juventus FC,Serie A
Kaio Jorge,2002-01-24,Brazil,Juventus FC,Serie A
Filip Stankovic,2002-02-25,Serbia,Inter Milan,Serie A
Gabriel Brazão,2000-10-05,Brazil,Inter Milan,Serie A
Raffaele Di Gennaro,1993-10-03,Italy,Inter Milan,Serie A
Alessandro Bastoni,1999-04-13,Italy,Inter Milan,Serie A
Stefan de Vrij,1992-02-05,Netherlands,Inter Milan,Serie A
Yann Aurel Bisseck,2000-11-29,Germany,Inter Milan,Serie A
Francesco Acerbi,1988-02-10,Italy,Inter Milan,Serie A
Alessandro Fontanarosa,2003-02-07,Italy,Inter Milan,Serie A
Federico Dimarco,1997-11-10,Italy,Inter Milan,Serie A
Valentino Lazaro,1996-03-24,Austria,Inter Milan,Serie A
Matteo Darmian,1989-12-02,Italy,Inter Milan,Serie A
Kristjan Asllani,2002-03-09,Albania,Inter Milan,Serie A
Lucien Agoumé,2002-02-09,France,Inter Milan,Serie A
Nicolò Barella,1997-02-07,Italy,Inter Milan,Serie A
Hakan Calhanoglu,1994-02-08,Turkey,Inter Milan,Serie A
Davide Frattesi,1999-09-22,Italy,Inter Milan,Serie A
Stefano Sensi,1995-08-05,Italy,Inter Milan,Serie A
Giovanni Fabbian,2003-01-14,Italy,Inter Milan,Serie A
Henrikh Mkhitaryan,1989-01-21,Armenia,Inter Milan,Serie A
Denzel Dumfries,1996-04-18,Netherlands,Inter Milan,Serie A
Juan Cuadrado,1988-05-26,Colombia,Inter Milan,Serie A
Robin Gosens,1994-07-05,Germany,Inter Milan,Serie A
Joaquín Correa,1994-08-13,Argentina,Inter Milan,Serie A
Lautaro Martínez,1997-08-22,Argentina,Inter Milan,Serie A
Marcus Thuram,1997-08-06,France,Inter Milan,Serie A
Sebastiano Esposito,2002-07-02,Italy,Inter Milan,Serie A
Eddie Salcedo,2001-10-01,Italy,Inter Milan,Serie A
Marco Carnesecchi,2000-07-01,Italy,Atalanta BC,Serie A
Juan Musso,1994-05-06,Argentina,Atalanta BC,Serie A
Francesco Rossi,1991-04-27,Italy,Atalanta BC,Serie A
Giorgio Scalvini,2003-12-11,Italy,Atalanta BC,Serie A
Merih Demiral,1998-03-05,Turkey,Atalanta BC,Serie A
Caleb Okoli,2001-07-13,Italy,Atalanta BC,Serie A
Berat Djimsiti,1993-02-19,Albania,Atalanta BC,Serie A
Rafael Tolói,1990-10-10,Italy,Atalanta BC,Serie A
José Luis Palomino,1990-01-05,Argentina,Atalanta BC,Serie A
Giovanni Bonfanti,2003-01-17,Italy,Atalanta BC,Serie A
Joakim Maehle,1997-05-20,Denmark,Atalanta BC,Serie A
Mitchel Bakker,2000-06-20,Netherlands,Atalanta BC,Serie A
Sead Kolasinac,1993-06-20,Bosnia-Herzegovina,Atalanta BC,Serie A
Matteo Ruggeri,2002-07-11,Italy,Atalanta BC,Serie A
Brandon Soppy,2002-02-21,France,Atalanta BC,Serie A
Davide Zappacosta,1992-06-11,Italy,Atalanta BC,Serie A
Hans Hateboer,1994-01-09,Netherlands,Atalanta BC,Serie A
Nadir Zortea,1999-06-19,Italy,Atalanta BC,Serie A
Davide Ghislandi,2001-06-16,Italy,Atalanta BC,Serie A
Teun Koopmeiners,1998-02-28,Netherlands,Atalanta BC,Serie A
Marten de Roon,1991-03-29,Netherlands,Atalanta BC,Serie A
Éderson,1999-07-07,Brazil,Atalanta BC,Serie A
Michel Adopo,2000-07-19,France,Atalanta BC,Serie A
Alessandro Mallamo,1999-03-22,Italy,Atalanta BC,Serie A
Mario Pasalic,1995-02-09,Croatia,Atalanta BC,Serie A
Aleksey Miranchuk,1995-10-17,Russia,Atalanta BC,Serie A
Viktor Kovalenko,1996-02-14,Ukraine,Atalanta BC,Serie A
Nicolò Cambiaghi,2000-12-28,Italy,Atalanta BC,Serie A
Ebrima Colley,2000-02-01,The Gambia,Atalanta BC,Serie A
Ademola Lookman,1997-10-20,Nigeria,Atalanta BC,Serie A
Rasmus Højlund,2003-02-04,Denmark,Atalanta BC,Serie A
El Bilal Touré,2001-10-03,Mali,Atalanta BC,Serie A
Duván Zapata,1991-04-01,Colombia,Atalanta BC,Serie A
Luis Muriel,1991-04-16,Colombia,Atalanta BC,Serie A
Emmanuel Latte Lath,1999-01-01,Cote d'Ivoire,Atalanta BC,Serie A
Rui Patrício,1988-02-15,Portugal,AS Roma,Serie A
Mile Svilar,1999-08-27,Serbia,AS Roma,Serie A
Pietro Boer,2002-05-12,Italy,AS Roma,Serie A
Roger Ibañez,1998-11-23,Brazil,AS Roma,Serie A
Evan Ndicka,1999-08-20,Cote d'Ivoire,AS Roma,Serie A
Gianluca Mancini,1996-04-17,Italy,AS Roma,Serie A
Diego Llorente,1993-08-16,Spain,AS Roma,Serie A
Chris Smalling,1989-11-22,England,AS Roma,Serie A
Marash Kumbulla,2000-02-08,Albania,AS Roma,Serie A
Leonardo Spinazzola,1993-03-25,Italy,AS Roma,Serie A
Rasmus Kristensen,1997-07-11,Denmark,AS Roma,Serie A
Zeki Celik,1997-02-17,Turkey,AS Roma,Serie A
Rick Karsdorp,1995-02-11,Netherlands,AS Roma,Serie A
Bryan Cristante,1995-03-03,Italy,AS Roma,Serie A
Nemanja Matic,1988-08-01,Serbia,AS Roma,Serie A
Houssem Aouar,1998-06-30,Algeria,AS Roma,Serie A
Edoardo Bove,2002-05-16,Italy,AS Roma,Serie A
Gonzalo Villar,1998-03-23,Spain,AS Roma,Serie A
Nicola Zalewski,2002-01-23,Poland,AS Roma,Serie A
Lorenzo Pellegrini,1996-06-19,Italy,AS Roma,Serie A
Stephan El Shaarawy,1992-10-27,Italy,AS Roma,Serie A
Ola Solbakken,1998-09-07,Norway,AS Roma,Serie A
Paulo Dybala,1993-11-15,Argentina,AS Roma,Serie A
Tammy Abraham,1997-10-02,England,AS Roma,Serie A
Andrea Belotti,1993-12-20,Italy,AS Roma,Serie A
Pietro Terracciano,1990-03-08,Italy,ACF Fiorentina,Serie A
Michele Cerofolini,1999-01-04,Italy,ACF Fiorentina,Serie A
Nikola Milenkovic,1997-10-12,Serbia,ACF Fiorentina,Serie A
Lucas Martínez Quarta,1996-05-10,Argentina,ACF Fiorentina,Serie A
Luca Ranieri,1999-04-23,Italy,ACF Fiorentina,Serie A
Christian Dalle Mura,2002-02-02,Italy,ACF Fiorentina,Serie A
Fabiano Parisi,2000-11-09,Italy,ACF Fiorentina,Serie A
Cristiano Biraghi,1992-09-01,Italy,ACF Fiorentina,Serie A
Dodô,1998-11-17,Brazil,ACF Fiorentina,Serie A
Niccolò Pierozzi,2001-09-12,Italy,ACF Fiorentina,Serie A
Sofyan Amrabat,1996-08-21,Morocco,ACF Fiorentina,Serie A
Rolando Mandragora,1997-06-29,Italy,ACF Fiorentina,Serie A
Arthur Melo,1996-08-12,Brazil,ACF Fiorentina,Serie A
Gaetano Castrovilli,1997-02-17,Italy,ACF Fiorentina,Serie A
Alfred Duncan,1993-03-10,Ghana,ACF Fiorentina,Serie A
Giacomo Bonaventura,1989-08-22,Italy,ACF Fiorentina,Serie A
Marco Benassi,1994-09-08,Italy,ACF Fiorentina,Serie A
Antonin Barak,1994-12-03,Czech Republic,ACF Fiorentina,Serie A
Abdelhamid Sabiri,1996-11-28,Morocco,ACF Fiorentina,Serie A
Nicolás González,1998-04-06,Argentina,ACF Fiorentina,Serie A
Riccardo Sottil,1999-06-03,Italy,ACF Fiorentina,Serie A
Josip Brekalo,1998-06-23,Croatia,ACF Fiorentina,Serie A
Jonathan Ikoné,1998-05-02,France,ACF Fiorentina,Serie A
Aleksandr Kokorin,1991-03-19,Russia,ACF Fiorentina,Serie A
Arthur Cabral,1998-04-25,Brazil,ACF Fiorentina,Serie A
Christian Kouamé,1997-12-06,Cote d'Ivoire,ACF Fiorentina,Serie A
Luka Jovic,1997-12-23,Serbia,ACF Fiorentina,Serie A
Louis Munteanu,2002-06-16,Romania,ACF Fiorentina,Serie A
Gabriele Gori,1999-02-13,Italy,ACF Fiorentina,Serie A
Ivan Provedel,1994-03-17,Italy,SS Lazio,Serie A
Luís Maximiano,1999-01-05,Portugal,SS Lazio,Serie A
Marius Adamonis,1997-05-13,Lithuania,SS Lazio,Serie A
Alessio Furlanetto,2002-02-07,Italy,SS Lazio,Serie A
Nicolò Casale,1998-02-14,Italy,SS Lazio,Serie A
Alessio Romagnoli,1995-01-12,Italy,SS Lazio,Serie A
Patric,1993-04-17,Spain,SS Lazio,Serie A
Mario Gila,2000-08-29,Spain,SS Lazio,Serie A
Nicolò Armini,2001-03-07,Italy,SS Lazio,Serie A
Mohamed Fares,1996-02-15,Algeria,SS Lazio,Serie A
Dimitrije Kamenovic,2000-07-16,Serbia,SS Lazio,Serie A
Adam Marusic,1992-10-17,Montenegro,SS Lazio,Serie A
Manuel Lazzari,1993-11-29,Italy,SS Lazio,Serie A
Elseid Hysaj,1994-02-02,Albania,SS Lazio,Serie A
Romano Floriani,2003-01-27,Italy,SS Lazio,Serie A
Danilo Cataldi,1994-08-06,Italy,SS Lazio,Serie A
Marco Bertini,2002-08-07,Italy,SS Lazio,Serie A
Luis Alberto,1992-09-28,Spain,SS Lazio,Serie A
Marcos Antônio,2000-06-13,Brazil,SS Lazio,Serie A
Toma Basic,1996-11-25,Croatia,SS Lazio,Serie A
Matías Vecino,1991-08-24,Uruguay,SS Lazio,Serie A
Jean-Daniel Akpa Akpro,1992-10-11,Cote d'Ivoire,SS Lazio,Serie A
André Anderson,1999-09-23,Italy,SS Lazio,Serie A
Mattia Zaccagni,1995-06-16,Italy,SS Lazio,Serie A
Diego González,2003-01-07,Paraguay,SS Lazio,Serie A
Jony,1991-07-09,Spain,SS Lazio,Serie A
Felipe Anderson,1993-04-15,Brazil,SS Lazio,Serie A
Matteo Cancellieri,2002-02-12,Italy,SS Lazio,Serie A
Pedro,1987-07-28,Spain,SS Lazio,Serie A
Cristiano Lombardi,1995-08-19,Italy,SS Lazio,Serie A
Ciro Immobile,1990-02-20,Italy,SS Lazio,Serie A
Taty Castellanos,1998-10-03,Argentina,SS Lazio,Serie A
Alessio Cragno,1994-06-28,Italy,US Sassuolo,Serie A
Andrea Consigli,1987-01-27,Italy,US Sassuolo,Serie A
Gianluca Pegolo,1981-03-25,Italy,US Sassuolo,Serie A
Mattia Viti,2002-01-24,Italy,US Sassuolo,Serie A
Martin Erlic,1998-01-24,Croatia,US Sassuolo,Serie A
Ruan Tressoldi,1999-06-07,Brazil,US Sassuolo,Serie A
Ryan Flamingo,2002-12-31,Netherlands,US Sassuolo,Serie A
Gian Marco Ferrari,1992-05-15,Italy,US Sassuolo,Serie A
Kevin Miranda,2003-03-10,Italy,US Sassuolo,Serie A
Matías Viña,1997-11-09,Uruguay,US Sassuolo,Serie A
Rogério,1998-01-13,Brazil,US Sassuolo,Serie A
Jeremy Toljan,1994-08-08,Germany,US Sassuolo,Serie A
Filippo Missori,2004-03-24,Italy,US Sassuolo,Serie A
Maxime López,1997-12-04,France,US Sassuolo,Serie A
Matheus Henrique,1997-12-19,Brazil,US Sassuolo,Serie A
Daniel Boloca,1998-12-22,Romania,US Sassuolo,Serie A
Pedro Obiang,1992-03-27,Equatorial Guinea,US Sassuolo,Serie A
Yeferson Paz,2002-06-13,Colombia,US Sassuolo,Serie A
Nedim Bajrami,1999-02-28,Albania,US Sassuolo,Serie A
Kristian Thorstvedt,1999-03-13,Norway,US Sassuolo,Serie A
Cristian Volpato,2003-11-15,Italy,US Sassuolo,Serie A
Armand Laurienté,1998-12-04,France,US Sassuolo,Serie A
Emil Konradsen Ceide,2001-09-03,Norway,US Sassuolo,Serie A
Domenico Berardi,1994-08-01,Italy,US Sassuolo,Serie A
Andrea Pinamonti,1999-05-19,Italy,US Sassuolo,Serie A
Agustín Álvarez,2001-05-19,Uruguay,US Sassuolo,Serie A
Samuele Mulattieri,2000-10-07,Italy,US Sassuolo,Serie A
Janis Antiste,2002-08-18,France,US Sassuolo,Serie A
Grégoire Defrel,1991-06-17,France,US Sassuolo,Serie A
Vanja Milinković-Savić,1997-02-20,Serbia,Torino FC,Serie A
Mihai Popa,2000-10-12,Romania,Torino FC,Serie A
Etrit Berisha,1989-03-10,Albania,Torino FC,Serie A
Luca Gemello,2000-07-03,Italy,Torino FC,Serie A
Matteo Fiorenza,2003-06-15,Italy,Torino FC,Serie A
Perr Schuurs,1999-11-26,Netherlands,Torino FC,Serie A
Alessandro Buongiorno,1999-06-06,Italy,Torino FC,Serie A
David Zima,2000-11-08,Czech Republic,Torino FC,Serie A
Ricardo Rodríguez,1992-08-25,Switzerland,Torino FC,Serie A
Koffi Djidji,1992-11-30,Cote d'Ivoire,Torino FC,Serie A
Stephane Singo,2000-12-25,Cote d'Ivoire,Torino FC,Serie A
Raoul Bellanova,2000-05-17,Italy,Torino FC,Serie A
Mërgim Vojvoda,1995-02-01,Kosovo,Torino FC,Serie A
Samuele Ricci,2001-08-21,Italy,Torino FC,Serie A
Adrien Tamèze,1994-02-04,Cameroon,Torino FC,Serie A
Ivan Ilic,2001-03-17,Serbia,Torino FC,Serie A
Emirhan Ilkhan,2004-06-01,Turkey,Torino FC,Serie A
Karol Linetty,1995-02-02,Poland,Torino FC,Serie A
Gvidas Gineitis,2004-04-15,Lithuania,Torino FC,Serie A
Brian Bayeye,2000-06-30,France,Torino FC,Serie A
Simone Verdi,1992-07-12,Italy,Torino FC,Serie A
Krisztofer Horváth,2002-01-08,Hungary,Torino FC,Serie A
Nemanja Radonjic,1996-02-15,Serbia,Torino FC,Serie A
Yann Karamoh,1998-07-08,Cote d'Ivoire,Torino FC,Serie A
Demba Seck,2001-02-10,Senegal,Torino FC,Serie A
Antonio Sanabria,1996-03-04,Paraguay,Torino FC,Serie A
Pietro Pellegri,2001-03-17,Italy,Torino FC,Serie A
